Loan_ID,Gender,Married,Dependents,Education,Self_Employed,ApplicantIncome,CoapplicantIncome,LoanAmount,Loan_Amount_Term,Credit_History,Property_Area,Loan_Status
LP001002,Male,No,0,Graduate,No,5849,0.0,128.0,360.0,1.0,Urban,Y
LP001003,Male,Yes,1,Graduate,No,4583,1508.0,128.0,360.0,1.0,Rural,N
LP001005,Male,Yes,0,Graduate,Yes,3000,0.0,66.0,360.0,1.0,Urban,Y
LP001006,Male,Yes,0,Not Graduate,No,2583,2358.0,120.0,360.0,1.0,Urban,Y
LP001008,Male,No,0,Graduate,No,6000,0.0,141.0,360.0,1.0,Urban,Y
LP001011,Male,Yes,2,Graduate,Yes,5417,4196.0,267.0,360.0,1.0,Urban,Y
LP001013,Male,Yes,0,Not Graduate,No,2333,1516.0,95.0,360.0,1.0,Urban,Y
LP001014,Male,No,3+,Graduate,No,3036,2504.0,158.0,360.0,0.0,Semiurban,N
LP001018,Male,Yes,2,Graduate,No,4006,1526.0,168.0,360.0,1.0,Urban,Y
LP001020,Male,Yes,0,Graduate,No,12841,10968.0,349.0,360.0,1.0,Semiurban,N
LP001024,Male,Yes,2,Graduate,No,3200,700.0,70.0,360.0,1.0,Urban,Y
LP001027,Male,Yes,2,Graduate,No,2500,1840.0,109.0,360.0,1.0,Urban,Y
LP001028,Male,Yes,2,Graduate,No,3073,8106.0,200.0,360.0,1.0,Urban,Y
LP001029,Male,No,0,Graduate,No,1853,2840.0,114.0,360.0,1.0,Rural,N
LP001030,Male,Yes,2,Graduate,No,1299,1086.0,17.0,120.0,1.0,Urban,Y
LP001032,Male,Yes,0,Graduate,No,4950,0.0,125.0,360.0,1.0,Urban,Y
LP001034,Male,No,1,Not Graduate,No,3596,0.0,100.0,240.0,0.0,Urban,N
LP001036,Female,No,0,Graduate,No,3510,0.0,76.0,360.0,0.0,Urban,N
LP001038,Male,Yes,0,Not Graduate,Yes,4887,0.0,133.0,360.0,1.0,Rural,N
LP001041,Male,Yes,0,Graduate,No,2600,3500.0,115.0,360.0,1.0,Urban,N
LP001043,Male,Yes,1,Graduate,No,4158,709.0,115.0,360.0,1.0,Urban,Y
LP001045,Female,No,0,Graduate,No,3500,0.0,91.0,360.0,NaN,Urban,N
LP001047,Male,Yes,2,Not Graduate,No,2200,250.0,NaN,360.0,1.0,Urban,Y
LP001048,Male,Yes,0,Not Graduate,No,3330,2000.0,125.0,360.0,1.0,Rural,Y
LP001049,Male,Yes,2,Graduate,No,2216,1200.0,68.0,360.0,1.0,Urban,Y
LP001051,Male,No,1,Not Graduate,No,2400,0.0,60.0,360.0,1.0,Rural,N
LP001054,Male,Yes,0,Graduate,No,3596,0.0,87.0,360.0,1.0,Semiurban,Y
LP001055,Male,Yes,1,Graduate,No,5000,1800.0,120.0,360.0,1.0,Urban,Y
LP001056,Male,Yes,2,Not Graduate,No,2985,0.0,NaN,360.0,0.0,Rural,N
LP001059,Male,Yes,0,Graduate,Yes,8000,0.0,NaN,360.0,1.0,Urban,Y
LP001062,Male,Yes,2,Graduate,No,2900,1300.0,NaN,360.0,1.0,Urban,Y
LP001064,Male,No,0,Graduate,No,3898,0.0,138.0,360.0,1.0,Rural,Y
LP001066,Male,Yes,0,Graduate,No,4167,0.0,NaN,360.0,1.0,Urban,Y
LP001069,Female,No,1,Graduate,No,4500,0.0,NaN,360.0,1.0,Urban,Y
LP001072,Male,Yes,0,Graduate,No,4320,0.0,NaN,360.0,1.0,Urban,Y
LP001073,Male,Yes,2,Not Graduate,No,2083,1300.0,NaN,NaN,1.0,Urban,Y
LP001074,Male,Yes,0,Graduate,No,7000,0.0,NaN,360.0,1.0,Urban,Y
LP001076,Male,No,0,Graduate,No,4600,0.0,NaN,360.0,1.0,Urban,Y
LP001078,Male,Yes,2,Not Graduate,No,3333,0.0,NaN,360.0,0.0,Semiurban,N
LP001080,Male,Yes,1,Graduate,No,3133,1400.0,NaN,360.0,1.0,Urban,Y
LP001083,Female,No,0,Graduate,No,3500,0.0,NaN,360.0,1.0,Urban,Y
LP001085,Male,Yes,2,Graduate,No,5200,0.0,NaN,360.0,0.0,Urban,N
LP001086,Male,Yes,0,Graduate,No,5000,1900.0,NaN,360.0,1.0,Urban,Y
LP001088,Male,Yes,1,Graduate,No,2720,1100.0,NaN,360.0,1.0,Urban,Y
LP001090,Male,No,0,Graduate,No,6000,0.0,NaN,360.0,1.0,Urban,Y
LP001093,Male,Yes,1,Not Graduate,No,2583,0.0,NaN,360.0,0.0,Rural,N
LP001094,Male,Yes,2,Graduate,No,5000,1500.0,NaN,360.0,1.0,Urban,Y
LP001096,Male,No,0,Graduate,No,2900,0.0,NaN,360.0,1.0,Semiurban,Y
LP001098,Male,No,0,Not Graduate,No,2200,0.0,NaN,360.0,1.0,Urban,Y
LP001099,Male,Yes,0,Graduate,No,5333,2333.0,NaN,360.0,1.0,Urban,Y
LP001101,Male,Yes,0,Graduate,No,3000,0.0,NaN,360.0,0.0,Urban,N
LP001102,Male,Yes,1,Graduate,No,2877,0.0,NaN,360.0,0.0,Rural,N
LP001104,Male,No,0,Graduate,No,5000,0.0,NaN,360.0,1.0,Urban,Y
LP001108,Male,Yes,0,Not Graduate,No,4100,0.0,NaN,360.0,1.0,Rural,Y
LP001109,Male,Yes,2,Not Graduate,No,4167,0.0,NaN,360.0,1.0,Urban,Y
LP001110,Male,No,0,Graduate,No,5000,0.0,NaN,360.0,1.0,Urban,Y
LP001113,Male,Yes,1,Graduate,No,4500,0.0,NaN,360.0,1.0,Urban,Y
LP001116,Male,Yes,0,Graduate,No,8500,0.0,NaN,360.0,1.0,Urban,Y
LP001120,Male,No,0,Graduate,No,5000,0.0,NaN,360.0,0.0,Semiurban,N
LP001123,Male,Yes,0,Graduate,No,3333,2500.0,NaN,360.0,1.0,Urban,Y
LP001124,Male,Yes,0,Graduate,No,4334,0.0,NaN,360.0,1.0,Urban,Y
LP001130,Male,Yes,0,Graduate,No,9703,0.0,NaN,360.0,1.0,Urban,Y
LP001131,Male,Yes,3+,Graduate,No,2083,2333.0,NaN,360.0,1.0,Urban,Y
LP001133,Male,No,0,Not Graduate,No,3833,0.0,NaN,360.0,0.0,Rural,N
LP001134,Male,No,0,Graduate,No,3000,0.0,NaN,360.0,1.0,Rural,Y
LP001135,Male,Yes,0,Graduate,No,4500,3200.0,NaN,360.0,1.0,Urban,Y
LP001137,Male,Yes,2,Graduate,No,6000,0.0,NaN,360.0,1.0,Urban,Y
LP001138,Male,Yes,0,Graduate,No,5000,3000.0,NaN,360.0,1.0,Urban,Y
LP001142,Male,Yes,0,Not Graduate,No,5000,0.0,NaN,360.0,1.0,Rural,Y
LP001144,Male,Yes,0,Graduate,No,5417,0.0,NaN,360.0,1.0,Urban,Y
LP001146,Male,No,0,Not Graduate,No,3000,0.0,NaN,360.0,0.0,Rural,N
LP001148,Male,Yes,2,Not Graduate,No,2389,1300.0,NaN,360.0,1.0,Rural,Y
LP001150,Male,Yes,0,Graduate,No,3733,2083.0,NaN,360.0,1.0,Urban,Y
LP001151,Male,Yes,1,Not Graduate,No,3333,0.0,NaN,360.0,0.0,Rural,N
LP001153,Male,Yes,0,Graduate,No,8250,0.0,NaN,360.0,1.0,Urban,Y
LP001154,Male,Yes,2,Graduate,No,3833,1500.0,NaN,360.0,1.0,Urban,Y
LP001157,Male,Yes,2,Graduate,No,5833,0.0,NaN,360.0,1.0,Urban,Y
LP001162,Male,Yes,0,Graduate,No,6250,0.0,NaN,360.0,1.0,Urban,Y
LP001163,Male,No,0,Graduate,No,3333,0.0,NaN,360.0,1.0,Semiurban,Y
LP001164,Male,No,1,Graduate,No,3333,0.0,NaN,360.0,0.0,Rural,N
LP001168,Male,Yes,0,Graduate,No,9167,0.0,NaN,NaN,1.0,Urban,Y
LP001170,Male,Yes,1,Graduate,No,4000,1500.0,NaN,360.0,1.0,Urban,Y
LP001171,Male,No,0,Graduate,No,3917,0.0,NaN,360.0,1.0,Urban,Y
LP001173,Male,Yes,1,Graduate,No,4500,0.0,NaN,360.0,0.0,Rural,N
LP001174,Male,Yes,2,Not Graduate,No,5000,0.0,NaN,360.0,1.0,Rural,Y
LP001177,Male,Yes,0,Graduate,No,5000,1583.0,NaN,360.0,1.0,Urban,Y
LP001179,Male,Yes,0,Graduate,No,5417,0.0,NaN,360.0,1.0,Urban,Y
LP001183,Male,Yes,0,Graduate,No,7000,0.0,NaN,360.0,1.0,Urban,Y
LP001186,Male,Yes,0,Graduate,No,5833,3000.0,NaN,360.0,1.0,Urban,Y
LP001190,Male,Yes,2,Graduate,No,5000,1500.0,NaN,360.0,1.0,Urban,Y
LP001192,Male,Yes,1,Graduate,No,4000,1700.0,NaN,360.0,1.0,Urban,Y
LP001196,Male,Yes,0,Graduate,No,5417,0.0,NaN,360.0,1.0,Urban,Y
LP001198,Male,Yes,1,Graduate,No,5000,2500.0,NaN,360.0,1.0,Urban,Y
LP001201,Male,Yes,0,Graduate,No,5833,0.0,NaN,360.0,1.0,Urban,Y
LP001202,Male,Yes,0,Graduate,No,3750,0.0,NaN,360.0,0.0,Urban,N
LP001205,Male,Yes,0,Graduate,No,5000,1333.0,NaN,360.0,1.0,Urban,Y
LP001209,Male,Yes,0,Graduate,No,5417,0.0,NaN,360.0,1.0,Urban,Y
LP001212,Male,Yes,0,Graduate,No,5000,1900.0,NaN,360.0,1.0,Urban,Y
LP001216,Male,Yes,0,Graduate,No,6667,2000.0,NaN,360.0,1.0,Urban,Y
LP001219,Male,Yes,0,Graduate,No,4167,0.0,NaN,360.0,1.0,Urban,Y
LP001221,Male,No,0,Not Graduate,No,2833,0.0,NaN,360.0,1.0,Rural,Y
LP001224,Male,Yes,2,Not Graduate,No,2500,2000.0,NaN,360.0,0.0,Rural,N
LP001226,Male,Yes,0,Graduate,No,3333,2167.0,NaN,360.0,1.0,Urban,Y
LP001229,Female,No,0,Graduate,No,4416,0.0,NaN,360.0,1.0,Urban,Y
LP001232,Male,Yes,0,Graduate,No,6250,2000.0,NaN,360.0,1.0,Urban,Y
LP001235,Male,Yes,2,Graduate,No,3500,1500.0,NaN,360.0,1.0,Urban,Y
LP001238,Male,Yes,0,Graduate,No,3750,1500.0,NaN,360.0,1.0,Urban,Y
LP001241,Male,Yes,1,Graduate,No,3000,1800.0,NaN,360.0,1.0,Rural,Y
LP001244,Male,No,0,Graduate,No,2333,0.0,NaN,360.0,1.0,Urban,Y
LP001246,Male,Yes,0,Graduate,No,5250,2083.0,NaN,360.0,1.0,Urban,Y
LP001248,Male,Yes,1,Graduate,No,5000,1000.0,NaN,360.0,1.0,Urban,Y
LP001250,Male,Yes,0,Graduate,No,4167,0.0,NaN,360.0,1.0,Urban,Y
LP001252,Male,Yes,0,Graduate,No,3167,0.0,NaN,360.0,1.0,Urban,Y
LP001255,Male,Yes,1,Not Graduate,No,2583,1500.0,NaN,360.0,0.0,Rural,N
LP001257,Male,Yes,0,Graduate,No,4167,3417.0,NaN,360.0,1.0,Urban,Y
LP001258,Male,Yes,2,Not Graduate,No,3000,1500.0,NaN,360.0,0.0,Rural,N
LP001263,Male,Yes,1,Not Graduate,No,3333,1667.0,NaN,360.0,0.0,Rural,N
LP001264,Male,Yes,0,Graduate,No,5417,2667.0,NaN,360.0,1.0,Urban,Y
LP001266,Male,No,0,Graduate,No,3500,0.0,NaN,360.0,1.0,Urban,Y
LP001270,Male,Yes,1,Graduate,No,6667,0.0,NaN,360.0,1.0,Urban,Y
LP001274,Male,Yes,1,Graduate,No,5833,0.0,NaN,360.0,1.0,Urban,Y
LP001277,Male,Yes,0,Graduate,No,3750,1667.0,NaN,360.0,1.0,Urban,Y
LP001279,Male,Yes,2,Not Graduate,No,3333,0.0,NaN,360.0,0.0,Rural,N
LP001284,Male,Yes,0,Graduate,No,4167,0.0,NaN,360.0,1.0,Semiurban,Y
LP001286,Male,Yes,0,Graduate,No,5000,2500.0,NaN,360.0,1.0,Urban,Y
LP001289,Male,Yes,0,Graduate,No,4583,1250.0,NaN,360.0,1.0,Urban,Y
LP001293,Male,Yes,0,Graduate,No,8333,0.0,NaN,360.0,1.0,Urban,Y
LP001295,Male,Yes,1,Graduate,No,5000,1667.0,NaN,360.0,1.0,Urban,Y
LP001298,Male,Yes,0,Not Graduate,No,3750,0.0,NaN,360.0,0.0,Rural,N
LP001302,Male,Yes,1,Graduate,No,5000,2000.0,NaN,360.0,1.0,Urban,Y
LP001306,Male,Yes,0,Graduate,No,5833,2917.0,NaN,360.0,1.0,Urban,Y
LP001309,Male,Yes,0,Graduate,No,3750,1250.0,NaN,360.0,1.0,Urban,Y
LP001310,Male,Yes,0,Not Graduate,No,3333,0.0,NaN,360.0,0.0,Rural,N
LP001313,Male,Yes,0,Graduate,No,4583,0.0,NaN,360.0,1.0,Urban,Y
LP001316,Male,Yes,0,Graduate,No,4583,3333.0,NaN,360.0,1.0,Urban,Y
LP001321,Male,Yes,0,Graduate,No,5000,2000.0,NaN,360.0,1.0,Urban,Y
LP001324,Male,Yes,0,Graduate,No,5000,0.0,NaN,360.0,1.0,Urban,Y
LP001327,Male,Yes,0,Not Graduate,No,3750,0.0,NaN,360.0,0.0,Rural,N
LP001330,Male,Yes,0,Graduate,No,7500,0.0,NaN,360.0,1.0,Urban,Y
LP001333,Male,Yes,0,Graduate,No,5000,0.0,NaN,360.0,1.0,Urban,Y
LP001336,Male,Yes,0,Graduate,No,5000,2500.0,NaN,360.0,1.0,Urban,Y
LP001340,Male,Yes,0,Graduate,No,4583,0.0,NaN,360.0,1.0,Urban,Y
LP001342,Male,Yes,0,Not Graduate,No,3750,0.0,NaN,360.0,0.0,Rural,N
LP001346,Male,Yes,0,Graduate,No,5000,2000.0,NaN,360.0,1.0,Urban,Y
LP001350,Male,Yes,0,Graduate,No,5000,2000.0,NaN,360.0,1.0,Urban,Y
LP001355,Male,Yes,0,Graduate,No,5000,0.0,NaN,360.0,1.0,Urban,Y
LP001357,Male,Yes,0,Graduate,No,5000,2000.0,NaN,360.0,1.0,Urban,Y
LP001362,Male,Yes,0,Graduate,No,5000,2000.0,NaN,360.0,1.0,Urban,Y
LP001366,Male,Yes,0,Graduate,No,5000,2500.0,NaN,360.0,1.0,Urban,Y
LP001372,Male,Yes,0,Graduate,No,5000,2000.0,NaN,360.0,1.0,Urban,Y
LP001379,Male,Yes,0,Graduate,No,5000,2000.0,NaN,360.0,1.0,Urban,Y
LP001384,Male,Yes,0,Graduate,No,5000,2000.0,NaN,360.0,1.0,Urban,Y
LP001391,Male,Yes,0,Graduate,No,5000,2000.0,NaN,360.0,1.0,Urban,Y
LP001397,Male,Yes,0,Graduate,No,5000,2000.0,NaN,360.0,1.0,Urban,Y
LP001403,Male,Yes,0,Graduate,No,5000,2000.0,NaN,360.0,1.0,Urban,Y
LP001409,Male,Yes,0,Graduate,No,5000,2500.0,NaN,360.0,1.0,Urban,Y
LP001414,Male,Yes,0,Graduate,No,5000,2000.0,NaN,360.0,1.0,Urban,Y
LP001421,Male,Yes,0,Graduate,No,5000,2000.0,NaN,360.0,1.0,Urban,Y
LP001427,Male,Yes,0,Graduate,No,5000,2000.0,NaN,360.0,1.0,Urban,Y
LP001433,Male,Yes,0,Graduate,No,5000,2000.0,NaN,360.0,1.0,Urban,Y
LP001439,Male,Yes,0,Graduate,No,5000,2500.0,NaN,360.0,1.0,Urban,Y
LP001441,Male,Yes,0,Graduate,No,81000,41667.0,700.0,480.0,1.0,Urban,Y
LP001442,Male,No,0,Graduate,No,150,0.0,9.0,12.0,0.0,Rural,N
LP001443,Female,Yes,3+,Not Graduate,No,2917,1500.0,90.0,360.0,0.0,Rural,N
LP001444,Male,Yes,0,Graduate,No,12000,0.0,300.0,360.0,1.0,Urban,Y
LP001445,Male,Yes,2,Graduate,No,9200,700.0,NaN,360.0,1.0,Urban,Y
LP001446,Female,No,0,Graduate,No,3333,0.0,NaN,360.0,1.0,Semiurban,Y
LP001447,Male,Yes,0,Graduate,No,10000,0.0,NaN,360.0,0.0,Urban,N
LP001448,Male,Yes,2,Not Graduate,No,4000,1200.0,NaN,360.0,0.0,Rural,N
LP001449,Male,No,0,Graduate,No,3333,0.0,NaN,360.0,1.0,Urban,Y
LP001450,Female,No,0,Graduate,No,2500,0.0,NaN,360.0,1.0,Semiurban,Y
LP001451,Male,Yes,1,Graduate,No,3333,500.0,NaN,360.0,1.0,Urban,Y
LP001452,Male,Yes,2,Not Graduate,No,2667,333.0,NaN,360.0,0.0,Rural,N
LP001453,Male,Yes,0,Graduate,No,5000,0.0,NaN,360.0,1.0,Urban,Y
LP001454,Male,Yes,0,Graduate,No,3750,0.0,NaN,360.0,0.0,Semiurban,N
LP001455,Male,Yes,0,Graduate,No,7417,0.0,NaN,360.0,1.0,Urban,Y
LP001456,Male,Yes,3+,Not Graduate,No,2500,1833.0,NaN,360.0,0.0,Rural,N
LP001457,Male,Yes,0,Graduate,No,5667,0.0,NaN,360.0,1.0,Urban,Y
LP001458,Male,Yes,1,Graduate,No,5000,2333.0,NaN,360.0,1.0,Urban,Y
LP001459,Male,Yes,0,Graduate,No,7000,0.0,NaN,360.0,1.0,Urban,Y
LP001460,Male,Yes,0,Graduate,No,6250,0.0,NaN,360.0,1.0,Urban,Y
LP001461,Male,Yes,0,Graduate,No,5000,1167.0,NaN,360.0,1.0,Urban,Y
LP001462,Male,Yes,0,Graduate,No,5833,0.0,NaN,360.0,1.0,Urban,Y
LP001463,Male,Yes,0,Graduate,No,5417,0.0,NaN,360.0,1.0,Urban,Y
LP001464,Male,Yes,0,Graduate,No,5000,0.0,NaN,360.0,1.0,Urban,Y
LP001465,Male,Yes,0,Graduate,No,6250,0.0,NaN,360.0,1.0,Urban,Y
LP001466,Male,Yes,0,Graduate,No,5000,2000.0,NaN,360.0,1.0,Urban,Y
LP001468,Male,Yes,0,Graduate,No,5833,0.0,NaN,360.0,1.0,Urban,Y
LP001469,Male,Yes,0,Graduate,No,5417,0.0,NaN,360.0,1.0,Urban,Y
LP001470,Male,Yes,0,Graduate,No,5000,0.0,NaN,360.0,1.0,Urban,Y
LP001471,Male,Yes,0,Graduate,No,6250,0.0,NaN,360.0,1.0,Urban,Y
LP001472,Male,Yes,0,Graduate,No,5000,2000.0,NaN,360.0,1.0,Urban,Y
LP001474,Male,Yes,0,Graduate,No,5833,0.0,NaN,360.0,1.0,Urban,Y
LP001475,Male,Yes,0,Graduate,No,5417,2667.0,NaN,360.0,1.0,Urban,Y
LP001476,Male,Yes,0,Not Graduate,No,3750,0.0,NaN,360.0,0.0,Rural,N
LP001477,Male,Yes,0,Graduate,No,5000,0.0,NaN,360.0,1.0,Urban,Y
LP001478,Male,Yes,0,Graduate,No,6250,0.0,NaN,360.0,1.0,Urban,Y
LP001479,Male,Yes,0,Graduate,No,5000,2000.0,NaN,360.0,1.0,Urban,Y
LP001480,Male,Yes,0,Graduate,No,5833,0.0,NaN,360.0,1.0,Urban,Y
LP001482,Male,Yes,0,Graduate,No,5417,0.0,NaN,360.0,1.0,Urban,Y
LP001483,Male,Yes,0,Graduate,No,5000,0.0,NaN,360.0,1.0,Urban,Y
LP001484,Male,Yes,0,Graduate,No,6250,0.0,NaN,360.0,1.0,Urban,Y
LP001485,Male,Yes,0,Graduate,No,5000,2000.0,NaN,360.0,1.0,Urban,Y
LP001486,Male,Yes,0,Graduate,No,5833,0.0,NaN,360.0,1.0,Urban,Y
LP001488,Male,Yes,0,Graduate,No,5417,0.0,NaN,360.0,1.0,Urban,Y
LP001489,Male,Yes,0,Graduate,No,5000,0.0,NaN,360.0,1.0,Urban,Y
LP001490,Male,Yes,0,Graduate,No,6250,0.0,NaN,360.0,1.0,Urban,Y
LP001491,Male,Yes,0,Graduate,No,5000,2500.0,NaN,360.0,1.0,Urban,Y
LP001492,Male,Yes,0,Graduate,No,5833,0.0,NaN,360.0,1.0,Urban,Y
LP001493,Male,Yes,0,Graduate,No,5417,0.0,NaN,360.0,1.0,Urban,Y
LP001494,Male,Yes,0,Graduate,No,5000,0.0,NaN,360.0,1.0,Urban,Y
LP001495,Male,Yes,0,Graduate,No,6250,0.0,NaN,360.0,1.0,Urban,Y
LP001496,Male,Yes,0,Graduate,No,5000,2000.0,NaN,360.0,1.0,Urban,Y
LP001498,Male,Yes,0,Graduate,No,5833,0.0,NaN,360.0,1.0,Urban,Y
LP001499,Male,Yes,0,Graduate,No,5417,0.0,NaN,360.0,1.0,Urban,Y
LP001500,Male,Yes,0,Graduate,No,5000,0.0,NaN,360.0,1.0,Urban,Y
LP001501,Male,Yes,0,Graduate,No,6250,0.0,NaN,360.0,1.0,Urban,Y
LP001502,Male,Yes,0,Graduate,No,5000,2000.0,NaN,360.0,1.0,Urban,Y
LP001503,Male,Yes,0,Graduate,No,5833,0.0,NaN,360.0,1.0,Urban,Y
LP001504,Male,Yes,0,Graduate,No,5417,0.0,NaN,360.0,1.0,Urban,Y
LP001506,Male,Yes,0,Graduate,No,5000,0.0,NaN,360.0,1.0,Urban,Y
LP001507,Male,Yes,0,Graduate,No,6250,0.0,NaN,360.0,1.0,Urban,Y
LP001508,Male,Yes,0,Graduate,No,5000,2000.0,NaN,360.0,1.0,Urban,Y
LP001509,Male,Yes,0,Graduate,No,5833,0.0,NaN,360.0,1.0,Urban,Y
LP001510,Male,Yes,0,Graduate,No,5417,2667.0,NaN,360.0,1.0,Urban,Y
LP001511,Male,Yes,0,Not Graduate,No,3750,0.0,NaN,360.0,0.0,Rural,N
LP001512,Male,Yes,0,Graduate,No,5000,0.0,NaN,360.0,1.0,Urban,Y
LP001514,Male,Yes,0,Graduate,No,6250,0.0,NaN,360.0,1.0,Urban,Y
LP001515,Male,Yes,0,Graduate,No,5000,2000.0,NaN,360.0,1.0,Urban,Y
LP001516,Male,Yes,0,Graduate,No,5833,0.0,NaN,360.0,1.0,Urban,Y
LP001517,Male,Yes,0,Graduate,No,5417,0.0,NaN,360.0,1.0,Urban,Y
LP001518,Male,Yes,0,Graduate,No,5000,0.0,NaN,360.0,1.0,Urban,Y
LP001519,Male,Yes,0,Graduate,No,6250,0.0,NaN,360.0,1.0,Urban,Y
LP001520,Male,Yes,0,Graduate,No,5000,2000.0,NaN,360.0,1.0,Urban,Y
LP001521,Male,Yes,0,Graduate,No,5833,0.0,NaN,360.0,1.0,Urban,Y
LP001522,Male,Yes,0,Graduate,No,5417,0.0,NaN,360.0,1.0,Urban,Y
LP001524,Male,Yes,0,Graduate,No,5000,0.0,NaN,360.0,1.0,Urban,Y
LP001525,Male,Yes,0,Graduate,No,6250,0.0,NaN,360.0,1.0,Urban,Y
LP001526,Male,Yes,0,Graduate,No,5000,2500.0,NaN,360.0,1.0,Urban,Y
LP001527,Male,Yes,0,Graduate,No,5833,0.0,NaN,360.0,1.0,Urban,Y
LP001528,Male,Yes,0,Graduate,No,5417,0.0,NaN,360.0,1.0,Urban,Y
LP001529,Male,Yes,0,Graduate,No,5000,0.0,NaN,360.0,1.0,Urban,Y
LP001530,Male,Yes,0,Graduate,No,6250,0.0,NaN,360.0,1.0,Urban,Y
LP001532,Male,Yes,0,Graduate,No,5000,2000.0,NaN,360.0,1.0,Urban,Y
LP001533,Male,Yes,0,Graduate,No,5833,0.0,NaN,360.0,1.0,Urban,Y
LP001534,Male,Yes,0,Graduate,No,5417,0.0,NaN,360.0,1.0,Urban,Y
LP001535,Male,Yes,0,Graduate,No,5000,0.0,NaN,360.0,1.0,Urban,Y
LP001536,Male,Yes,0,Graduate,No,6250,0.0,NaN,360.0,1.0,Urban,Y
LP001538,Male,Yes,0,Graduate,No,5000,2000.0,NaN,360.0,1.0,Urban,Y
LP001539,Male,Yes,0,Graduate,No,5833,0.0,NaN,360.0,1.0,Urban,Y
LP001540,Male,Yes,0,Graduate,No,5417,0.0,NaN,360.0,1.0,Urban,Y
LP001541,Male,Yes,0,Graduate,No,5000,0.0,NaN,360.0,1.0,Urban,Y
LP001542,Male,Yes,0,Graduate,No,6250,0.0,NaN,360.0,1.0,Urban,Y
LP001543,Male,Yes,0,Graduate,No,5000,2000.0,NaN,360.0,1.0,Urban,Y
LP001544,Male,Yes,0,Graduate,No,5833,0.0,NaN,360.0,1.0,Urban,Y
LP001546,Male,Yes,0,Graduate,No,5417,2667.0,NaN,360.0,1.0,Urban,Y
LP001547,Male,Yes,0,Not Graduate,No,3750,0.0,NaN,360.0,0.0,Rural,N
LP001548,Male,Yes,0,Graduate,No,5000,0.0,NaN,360.0,1.0,Urban,Y
LP001549,Male,Yes,0,Graduate,No,6250,0.0,NaN,360.0,1.0,Urban,Y
LP001550,Male,Yes,0,Graduate,No,5000,2000.0,NaN,360.0,1.0,Urban,Y
LP001551,Male,Yes,0,Graduate,No,5833,0.0,NaN,360.0,1.0,Urban,Y
LP001552,Male,Yes,0,Graduate,No,5417,0.0,NaN,360.0,1.0,Urban,Y
LP001554,Male,Yes,0,Graduate,No,5000,0.0,NaN,360.0,1.0,Urban,Y
LP001555,Male,Yes,0,Graduate,No,6250,0.0,NaN,360.0,1.0,Urban,Y
LP001556,Male,Yes,0,Graduate,No,5000,2000.0,NaN,360.0,1.0,Urban,Y
LP001557,Male,Yes,0,Graduate,No,5833,0.0,NaN,360.0,1.0,Urban,Y
LP001558,Male,Yes,0,Graduate,No,5417,0.0,NaN,360.0,1.0,Urban,Y
LP001559,Male,Yes,0,Graduate,No,5000,0.0,NaN,360.0,1.0,Urban,Y
LP001560,Male,Yes,0,Graduate,No,6250,0.0,NaN,360.0,1.0,Urban,Y
LP001562,Male,Yes,0,Graduate,No,5000,2500.0,NaN,360.0,1.0,Urban,Y
LP001563,Male,Yes,0,Graduate,No,5833,0.0,NaN,360.0,1.0,Urban,Y
LP001564,Male,Yes,0,Graduate,No,5417,0.0,NaN,360.0,1.0,Urban,Y
LP001565,Male,Yes,0,Graduate,No,5000,0.0,NaN,360.0,1.0,Urban,Y
LP001566,Male,Yes,0,Graduate,No,6250,0.0,NaN,360.0,1.0,Urban,Y
LP001568,Male,Yes,0,Graduate,No,5000,2000.0,NaN,360.0,1.0,Urban,Y
LP001569,Male,Yes,0,Graduate,No,5833,0.0,NaN,360.0,1.0,Urban,Y
LP001570,Male,Yes,0,Graduate,No,5417,0.0,NaN,360.0,1.0,Urban,Y
LP001571,Male,Yes,0,Graduate,No,5000,0.0,NaN,360.0,1.0,Urban,Y
LP001572,Male,Yes,0,Graduate,No,6250,0.0,NaN,360.0,1.0,Urban,Y
LP001574,Male,Yes,0,Graduate,No,5000,2000.0,NaN,360.0,1.0,Urban,Y
LP001575,Male,Yes,0,Graduate,No,5833,0.0,NaN,360.0,1.0,Urban,Y
LP001576,Male,Yes,0,Graduate,No,5417,2667.0,NaN,360.0,1.0,Urban,Y
LP001578,Male,Yes,0,Not Graduate,No,3750,0.0,NaN,360.0,0.0,Rural,N
LP001579,Male,Yes,0,Graduate,No,5000,0.0,NaN,360.0,1.0,Urban,Y
LP001580,Male,Yes,0,Graduate,No,6250,0.0,NaN,360.0,1.0,Urban,Y
LP001581,Male,Yes,0,Graduate,No,5000,2000.0,NaN,360.0,1.0,Urban,Y
LP001582,Male,Yes,0,Graduate,No,5833,0.0,NaN,360.0,1.0,Urban,Y
LP001583,Male,Yes,0,Graduate,No,5417,0.0,NaN,360.0,1.0,Urban,Y
LP001584,Male,Yes,0,Graduate,No,5000,0.0,NaN,360.0,1.0,Urban,Y
LP001586,Male,Yes,0,Graduate,No,6250,0.0,NaN,360.0,1.0,Urban,Y
LP001587,Male,Yes,0,Graduate,No,5000,2000.0,NaN,360.0,1.0,Urban,Y
LP001588,Male,Yes,0,Graduate,No,5833,0.0,NaN,360.0,1.0,Urban,Y
LP001589,Male,Yes,0,Graduate,No,5417,0.0,NaN,360.0,1.0,Urban,Y
LP001590,Male,Yes,0,Graduate,No,5000,0.0,NaN,360.0,1.0,Urban,Y
LP001591,Male,Yes,0,Graduate,No,6250,0.0,NaN,360.0,1.0,Urban,Y
LP001592,Male,Yes,0,Graduate,No,5000,2000.0,NaN,360.0,1.0,Urban,Y
LP001594,Male,Yes,0,Graduate,No,5833,0.0,NaN,360.0,1.0,Urban,Y
LP001595,Male,Yes,0,Graduate,No,5417,0.0,NaN,360.0,1.0,Urban,Y
LP001596,Male,Yes,0,Graduate,No,5000,0.0,NaN,360.0,1.0,Urban,Y
LP001597,Male,Yes,0,Graduate,No,6250,0.0,NaN,360.0,1.0,Urban,Y
LP001598,Male,Yes,0,Graduate,No,5000,2500.0,NaN,360.0,1.0,Urban,Y
LP001599,Male,Yes,0,Graduate,No,5833,0.0,NaN,360.0,1.0,Urban,Y
LP001600,Male,Yes,0,Graduate,No,5417,0.0,NaN,360.0,1.0,Urban,Y
LP001602,Male,Yes,0,Graduate,No,5000,0.0,NaN,360.0,1.0,Urban,Y
LP001603,Male,Yes,0,Graduate,No,6250,0.0,NaN,360.0,1.0,Urban,Y
LP001604,Male,Yes,0,Graduate,No,5000,2000.0,NaN,360.0,1.0,Urban,Y
LP001605,Male,Yes,0,Graduate,No,5833,0.0,NaN,360.0,1.0,Urban,Y
LP001606,Male,Yes,0,Graduate,No,5417,2667.0,NaN,360.0,1.0,Urban,Y
LP001608,Male,Yes,0,Not Graduate,No,3750,0.0,NaN,360.0,0.0,Rural,N
LP001609,Male,Yes,0,Graduate,No,5000,0.0,NaN,360.0,1.0,Urban,Y
LP001610,Male,Yes,0,Graduate,No,6250,0.0,NaN,360.0,1.0,Urban,Y
LP001611,Male,Yes,0,Graduate,No,5000,2000.0,NaN,360.0,1.0,Urban,Y
LP001612,Male,Yes,0,Graduate,No,5833,0.0,NaN,360.0,1.0,Urban,Y
LP001614,Male,Yes,0,Graduate,No,5417,0.0,NaN,360.0,1.0,Urban,Y
LP001615,Male,Yes,0,Graduate,No,5000,0.0,NaN,360.0,1.0,Urban,Y
LP001616,Male,Yes,0,Graduate,No,6250,0.0,NaN,360.0,1.0,Urban,Y
LP001617,Male,Yes,0,Graduate,No,5000,2000.0,NaN,360.0,1.0,Urban,Y
LP001618,Male,Yes,0,Graduate,No,5833,0.0,NaN,360.0,1.0,Urban,Y
LP001620,Male,Yes,0,Graduate,Yes,70000,35000.0,650.0,480.0,1.0,Urban,Y
LP001621,Male,No,0,Graduate,Yes,65000,0.0,600.0,480.0,1.0,Urban,Y
LP001622,Female,Yes,0,Graduate,Yes,55000,28000.0,580.0,480.0,1.0,Semiurban,Y
LP001623,Male,Yes,1,Graduate,No,45000,0.0,500.0,360.0,1.0,Urban,Y
LP001624,Male,No,0,Graduate,Yes,38000,41667.0,520.0,480.0,1.0,Urban,Y
LP001625,Male,Yes,0,Graduate,No,200,0.0,8.0,12.0,0.0,Rural,N
LP001626,Male,No,0,Not Graduate,No,180,0.0,7.0,12.0,0.0,Rural,N
LP001627,Female,No,0,Not Graduate,No,160,500.0,6.0,12.0,0.0,Rural,N
LP001628,Male,Yes,2,Not Graduate,No,170,0.0,NaN,12.0,0.0,Rural,N
LP001629,Male,Yes,0,Graduate,No,30000,0.0,400.0,360.0,0.0,Urban,N
LP001630,Male,Yes,0,Graduate,Yes,25000,15000.0,350.0,360.0,1.0,Urban,Y
LP001631,Male,No,0,Graduate,No,22000,0.0,320.0,360.0,1.0,Semiurban,Y
LP001632,Male,Yes,1,Not Graduate,No,500,1200.0,NaN,360.0,0.0,Rural,N
LP001633,Male,Yes,0,Graduate,No,400,0.0,NaN,360.0,0.0,Rural,N
LP001634,Male,Yes,0,Graduate,Yes,60000,30000.0,620.0,480.0,1.0,Urban,Y
LP001635,Male,No,0,Graduate,No,19000,0.0,280.0,360.0,1.0,Urban,Y
LP001636,Male,Yes,2,Graduate,No,17500,8000.0,260.0,360.0,1.0,Semiurban,Y
LP001637,Male,Yes,0,Graduate,No,300,0.0,NaN,360.0,0.0,Rural,N
LP001638,Female,No,0,Graduate,No,16000,0.0,240.0,360.0,1.0,Urban,Y
LP001639,Male,Yes,1,Graduate,No,14500,5000.0,220.0,360.0,1.0,Urban,Y
LP001640,Male,Yes,0,Not Graduate,No,250,1000.0,NaN,360.0,0.0,Rural,N
