observer_id,observer_name,experience_years,organization,country,certified
O667,Ali Khan,,unknown,Canada,
O884,Raj Patel,unknown,Wildlife Org,,
O851,John Smith,30,Freelancer,unknown,No
O351,Raj Patel,unknown,Nature Society,Canada,
O437,David Lee,,Freelancer,USA,No
O688,David Lee,,Global Birding,,
O219,Raj Patel,22,,USA,
O611,Raj Patel,,,unknown,
O641,unknown,,,Pakistan,No
O853,Raj Patel,,Global Birding,India,
O265,Sarah John,,Nature Society,,No
O736,Sarah John,,Freelancer,India,unknown
O477,Sarah John,,,UK,Yes
O758,Ayesha Noor,,Nature Society,USA,
O679,unknown,,Bird Watch Pakistan,Pakistan,Yes
O170,Ali Khan,unknown,Global Birding,unknown,No
O134,John Smith,,Nature Society,India,unknown
O597,Raj Patel,unknown,unknown,Canada,
O165,John Smith,9,Nature Society,India,No
O139,David Lee,15,Freelancer,India,
O622,Sarah John,,Global Birding,,No
O260,Ali Khan,,Global Birding,UK,
O947,unknown,,unknown,USA,unknown
O521,John Smith,,Global Birding,unknown,No
O764,Sarah John,16,Bird Watch Pakistan,UK,unknown
O214,unknown,unknown,Nature Society,Pakistan,
O900,unknown,unknown,Bird Watch Pakistan,,unknown
O313,Ayesha Noor,,Freelancer,unknown,unknown
O570,Raj Patel,,Bird Watch Pakistan,UK,unknown
O253,Raj Patel,,Freelancer,Australia,Yes
O979,John Smith,,Bird Watch Pakistan,Pakistan,Yes
O423,Ali Khan,,Bird Watch Pakistan,unknown,Yes
O595,Ayesha Noor,unknown,Bird Watch Pakistan,unknown,No
O106,Ayesha Noor,,Global Birding,USA,Yes
O516,David Lee,unknown,Nature Society,,unknown
O164,,unknown,,USA,
O339,Ali Khan,,Global Birding,India,
O281,Sarah John,,Bird Watch Pakistan,Pakistan,Yes
O616,Ali Khan,,unknown,Canada,
O338,Sarah John,,,India,
O496,Ali Khan,,Freelancer,Pakistan,unknown
O849,John Smith,,Bird Watch Pakistan,Pakistan,No
O982,,,unknown,USA,Yes
O680,John Smith,6,Bird Watch Pakistan,USA,
O873,Raj Patel,9,Wildlife Org,India,
O706,Sarah John,,Nature Society,USA,Yes
O225,John Smith,15,,Canada,No
O660,Raj Patel,,Bird Watch Pakistan,Pakistan,Yes
O979,Ayesha Noor,,,unknown,Yes
O313,John Smith,unknown,Global Birding,unknown,
O703,Raj Patel,unknown,,unknown,
O871,unknown,,Global Birding,,No
O640,unknown,unknown,unknown,India,No
O432,Ayesha Noor,29,Global Birding,India,
O278,Ali Khan,15,unknown,Australia,
O134,John Smith,unknown,Wildlife Org,USA,No
O732,Sarah John,17,Nature Society,Canada,Yes
O309,Ali Khan,17,unknown,unknown,unknown
O811,John Smith,,Global Birding,unknown,
O772,David Lee,15,Bird Watch Pakistan,India,unknown
O754,Sarah John,22,Wildlife Org,Pakistan,No
O688,Raj Patel,,Nature Society,India,
O234,,27,,Canada,No
O401,,12,,Canada,unknown
O831,Raj Patel,,Global Birding,,unknown
O786,David Lee,,,UK,Yes
O583,David Lee,unknown,Wildlife Org,USA,
O372,,27,Wildlife Org,India,Yes
O287,Ali Khan,unknown,,,Yes
O846,Ayesha Noor,,Wildlife Org,Australia,unknown
O627,Ali Khan,,Nature Society,USA,
O466,Raj Patel,unknown,Wildlife Org,,
O567,John Smith,,unknown,Pakistan,unknown
O457,,,Freelancer,,unknown
O268,Raj Patel,unknown,Wildlife Org,Canada,Yes
O157,David Lee,5,Global Birding,Canada,Yes
O102,unknown,5,Nature Society,Australia,
O776,Ayesha Noor,,Bird Watch Pakistan,Canada,No
O864,Raj Patel,28,Wildlife Org,Australia,
O296,John Smith,20,Nature Society,USA,unknown
O777,David Lee,0,Nature Society,UK,unknown
O115,Ali Khan,,Freelancer,,Yes
O742,Ayesha Noor,12,,Australia,Yes
O554,unknown,10,Nature Society,India,
O854,John Smith,,Wildlife Org,India,
O234,Sarah John,23,Wildlife Org,Pakistan,unknown
O616,Ali Khan,,unknown,,No
O693,Raj Patel,25,Global Birding,USA,unknown
O996,David Lee,14,Nature Society,Pakistan,
O618,,unknown,Global Birding,Pakistan,Yes
O683,Ayesha Noor,,Global Birding,Pakistan,
O219,,3,Bird Watch Pakistan,UK,Yes
O467,David Lee,,,Canada,No
O797,Ayesha Noor,,Nature Society,India,
O919,Sarah John,,Nature Society,unknown,Yes
O382,unknown,,Wildlife Org,Canada,
O811,Sarah John,6,Nature Society,,No
O282,John Smith,,Wildlife Org,UK,
O833,Ali Khan,unknown,Bird Watch Pakistan,,Yes
O106,Ayesha Noor,7,Freelancer,Canada,
O728,,,Wildlife Org,Australia,
O920,Ayesha Noor,,Global Birding,Pakistan,No
O524,John Smith,,,Canada,unknown
O617,unknown,,,unknown,
O934,John Smith,,Wildlife Org,UK,No
O512,David Lee,,Freelancer,Australia,Yes
O227,unknown,,Nature Society,,Yes
O370,unknown,unknown,Global Birding,unknown,
O434,Raj Patel,unknown,Bird Watch Pakistan,India,unknown
O332,Ali Khan,21,,unknown,
O817,David Lee,,Freelancer,Pakistan,
O344,John Smith,unknown,Nature Society,Australia,unknown
O493,David Lee,,Bird Watch Pakistan,unknown,Yes
O837,Sarah John,,Nature Society,,No
O607,John Smith,unknown,Bird Watch Pakistan,unknown,
O298,Ayesha Noor,,Wildlife Org,UK,No
O776,,unknown,Freelancer,unknown,
O781,unknown,7,,Canada,
O490,Ayesha Noor,,Wildlife Org,Australia,
O836,David Lee,,unknown,India,
O208,Ali Khan,,Nature Society,USA,unknown
O105,unknown,,unknown,Pakistan,
O529,David Lee,16,Nature Society,unknown,
O272,unknown,20,unknown,,Yes
O841,Raj Patel,unknown,Wildlife Org,India,
O224,John Smith,unknown,Global Birding,Australia,
O173,David Lee,,Wildlife Org,Pakistan,
O820,Raj Patel,unknown,unknown,Australia,unknown
O710,,,Wildlife Org,India,
O761,John Smith,19,Freelancer,Pakistan,
O986,Ali Khan,,Global Birding,India,
O152,Ayesha Noor,,Bird Watch Pakistan,India,
O535,Ayesha Noor,,Wildlife Org,Australia,Yes
O691,Sarah John,,Global Birding,Australia,unknown
O828,Sarah John,,Freelancer,Pakistan,unknown
O108,David Lee,21,Bird Watch Pakistan,India,unknown
O386,,,Bird Watch Pakistan,UK,Yes
O257,Sarah John,9,Freelancer,Australia,
O886,Ali Khan,unknown,Nature Society,UK,Yes
O390,John Smith,unknown,Wildlife Org,Pakistan,
O819,Sarah John,unknown,,,
O374,Ayesha Noor,,Nature Society,Pakistan,
O152,David Lee,unknown,,Pakistan,unknown
O753,unknown,,Global Birding,unknown,unknown
O382,unknown,,Global Birding,USA,unknown
O206,,,Nature Society,Australia,
O393,David Lee,unknown,unknown,,
O865,Raj Patel,,Wildlife Org,unknown,
O697,Ali Khan,19,Freelancer,unknown,No
O468,Ali Khan,,Wildlife Org,unknown,
O233,Raj Patel,,Global Birding,USA,unknown
O412,Ayesha Noor,,Bird Watch Pakistan,Pakistan,No
O885,John Smith,unknown,Global Birding,Canada,
O554,,22,Nature Society,Canada,
O116,Ayesha Noor,7,Wildlife Org,USA,
O294,Raj Patel,unknown,unknown,UK,
O474,Raj Patel,,Nature Society,,
O416,unknown,,Nature Society,Australia,No
O693,David Lee,unknown,Nature Society,Australia,No
O299,Sarah John,,unknown,Canada,
O606,unknown,unknown,,USA,
O268,Ali Khan,,Wildlife Org,unknown,unknown
O413,John Smith,,Global Birding,Canada,
O746,Raj Patel,,Bird Watch Pakistan,Pakistan,
O686,Ali Khan,,Global Birding,UK,unknown
O802,Raj Patel,,Bird Watch Pakistan,USA,unknown
O154,,,Nature Society,USA,Yes
O614,,unknown,Wildlife Org,India,
O375,David Lee,unknown,Global Birding,India,
O122,unknown,25,Nature Society,Canada,No
O444,Raj Patel,unknown,,,No
O811,Ayesha Noor,,Wildlife Org,Pakistan,unknown
O221,Ayesha Noor,22,unknown,Canada,unknown
O232,Raj Patel,,,unknown,
O279,David Lee,unknown,Global Birding,UK,
O190,unknown,,Wildlife Org,Canada,unknown
O364,John Smith,,Wildlife Org,unknown,
O909,unknown,unknown,Wildlife Org,Australia,Yes
O690,David Lee,,Global Birding,UK,unknown
O127,unknown,unknown,Nature Society,UK,
O777,,unknown,Wildlife Org,Canada,No
O540,unknown,unknown,unknown,Australia,
O930,unknown,,Freelancer,,No
O359,John Smith,,Bird Watch Pakistan,Australia,unknown
O322,Sarah John,unknown,Nature Society,Pakistan,Yes
O511,Ayesha Noor,unknown,,unknown,
O616,John Smith,8,unknown,Pakistan,unknown
O181,unknown,,Nature Society,unknown,No
O144,Raj Patel,unknown,,unknown,unknown
O404,Ali Khan,,Wildlife Org,Pakistan,No
O471,Sarah John,,Nature Society,USA,
O807,David Lee,4,Global Birding,Canada,unknown
O859,,,,USA,
O282,Sarah John,,Freelancer,Pakistan,Yes
O418,Sarah John,,Wildlife Org,USA,Yes
O282,Ali Khan,,Wildlife Org,Pakistan,
O981,Ali Khan,unknown,Wildlife Org,USA,unknown
O549,John Smith,15,Nature Society,UK,No
O981,Sarah John,unknown,Bird Watch Pakistan,,
O772,Ayesha Noor,unknown,Global Birding,unknown,
O839,Sarah John,1,Nature Society,unknown,No
O549,unknown,unknown,,Australia,
O249,Raj Patel,15,Nature Society,,
O240,David Lee,17,Nature Society,India,
O784,David Lee,,Bird Watch Pakistan,Pakistan,
O124,John Smith,,Nature Society,USA,Yes
O902,Sarah John,,Freelancer,,
O863,Ayesha Noor,unknown,unknown,USA,
O351,,unknown,Freelancer,Pakistan,unknown
O725,John Smith,23,Bird Watch Pakistan,USA,
O344,David Lee,,Freelancer,Australia,No
O117,Sarah John,,Bird Watch Pakistan,Australia,No
O516,Ayesha Noor,7,Bird Watch Pakistan,USA,Yes
O872,John Smith,unknown,Global Birding,Australia,unknown
O357,,unknown,Bird Watch Pakistan,Pakistan,
O389,Ayesha Noor,,Nature Society,Canada,unknown
O827,David Lee,11,Wildlife Org,India,No
O256,Ayesha Noor,5,Bird Watch Pakistan,Australia,
O747,unknown,,Wildlife Org,Canada,No
O618,John Smith,24,Bird Watch Pakistan,,unknown
O715,,unknown,,Canada,No
O296,Raj Patel,,Bird Watch Pakistan,unknown,
O690,Ayesha Noor,20,Global Birding,unknown,Yes
O760,Raj Patel,unknown,unknown,UK,
O848,,,,India,
O543,unknown,,Freelancer,unknown,unknown
O591,Sarah John,6,Global Birding,Pakistan,unknown
O318,Ayesha Noor,,Bird Watch Pakistan,USA,
O204,David Lee,,,Pakistan,No
O194,Ali Khan,unknown,Nature Society,UK,
O994,Sarah John,unknown,Wildlife Org,India,Yes
O304,David Lee,,Bird Watch Pakistan,India,No
O544,Sarah John,5,unknown,Canada,unknown
O622,Ayesha Noor,,Wildlife Org,Australia,
O567,,14,Freelancer,USA,
O319,,,Freelancer,India,Yes
O692,Ayesha Noor,,Global Birding,UK,
O230,John Smith,unknown,unknown,USA,unknown
O588,David Lee,unknown,Freelancer,UK,No
O507,Ayesha Noor,unknown,unknown,unknown,Yes
O352,,,Bird Watch Pakistan,,No
O959,David Lee,,Wildlife Org,unknown,No
O577,,,unknown,India,No
O257,,,Bird Watch Pakistan,India,
O766,Ali Khan,,Freelancer,Australia,unknown
O113,Raj Patel,unknown,,Australia,unknown
O418,John Smith,,Freelancer,unknown,
O422,Ali Khan,unknown,,,
O206,David Lee,19,Freelancer,USA,unknown
O702,John Smith,,,USA,
O975,Ayesha Noor,,Bird Watch Pakistan,UK,
O319,John Smith,,unknown,Canada,unknown
O281,Ali Khan,,Freelancer,Canada,
O489,Ayesha Noor,,unknown,USA,
O665,Sarah John,,Nature Society,,
O687,Ali Khan,unknown,,Canada,
O739,Sarah John,,Nature Society,Canada,No
O258,unknown,9,Freelancer,USA,
O231,Ali Khan,unknown,Freelancer,unknown,No
O244,unknown,7,,India,
O895,Sarah John,20,Bird Watch Pakistan,unknown,
O890,Sarah John,10,unknown,India,unknown
O529,,,,USA,
O491,,13,Wildlife Org,Australia,
O922,John Smith,unknown,Global Birding,UK,No
O473,Ali Khan,,Bird Watch Pakistan,India,
O747,Raj Patel,unknown,Global Birding,UK,Yes
O390,David Lee,20,,Australia,
O750,Sarah John,,Nature Society,India,Yes
O434,Raj Patel,,Wildlife Org,Pakistan,Yes
O656,,unknown,Nature Society,India,
O748,David Lee,,,USA,No
O541,unknown,,Bird Watch Pakistan,Australia,
O181,David Lee,,Bird Watch Pakistan,Pakistan,No
O963,David Lee,18,Wildlife Org,USA,unknown
O278,unknown,unknown,Global Birding,Canada,
O748,Sarah John,,Wildlife Org,USA,
O172,unknown,23,Nature Society,UK,unknown
O348,David Lee,,Nature Society,India,No
O874,David Lee,,Nature Society,Pakistan,
O639,Raj Patel,,,Pakistan,
O235,Ali Khan,,Freelancer,,unknown
O319,Ali Khan,unknown,,,Yes
O229,Ayesha Noor,unknown,unknown,India,No
O776,John Smith,1,unknown,,
O227,Ali Khan,,Bird Watch Pakistan,unknown,
O687,Ali Khan,,Bird Watch Pakistan,Canada,
O560,David Lee,,Freelancer,Canada,
O477,Ayesha Noor,unknown,Bird Watch Pakistan,,unknown
O209,unknown,,Wildlife Org,USA,unknown
O838,unknown,,,Australia,unknown
O347,Ayesha Noor,unknown,Bird Watch Pakistan,,
O472,Ayesha Noor,unknown,Freelancer,USA,unknown
O443,Ali Khan,1,Freelancer,UK,
O813,John Smith,,Wildlife Org,Canada,
O788,Ali Khan,28,,Canada,
O754,Raj Patel,,Nature Society,Australia,unknown
O981,Raj Patel,,Freelancer,unknown,No
O841,unknown,,unknown,India,
O913,David Lee,unknown,,UK,unknown
O562,Sarah John,29,unknown,,No
O400,Ayesha Noor,14,Bird Watch Pakistan,India,Yes
O887,David Lee,,Freelancer,Australia,unknown
O722,Ayesha Noor,0,Global Birding,UK,
O772,Sarah John,7,,Pakistan,
O283,Ali Khan,,Bird Watch Pakistan,,
O195,,4,,Pakistan,Yes
O962,Ali Khan,,Global Birding,,
O361,Ali Khan,,Global Birding,Pakistan,Yes
O579,,22,Nature Society,USA,
O167,David Lee,,Wildlife Org,Canada,
O740,,unknown,Bird Watch Pakistan,USA,Yes
O226,John Smith,,Bird Watch Pakistan,unknown,unknown
O513,Raj Patel,,Bird Watch Pakistan,India,
O175,unknown,unknown,Nature Society,unknown,unknown
O206,Raj Patel,,Bird Watch Pakistan,USA,unknown
O281,Sarah John,unknown,Global Birding,Pakistan,
O923,Sarah John,8,unknown,,Yes
O342,David Lee,unknown,,unknown,
O245,Ayesha Noor,unknown,Nature Society,,
O435,Sarah John,15,Bird Watch Pakistan,Australia,unknown
O420,Ayesha Noor,,unknown,unknown,No
O839,John Smith,9,Global Birding,India,
O780,unknown,,Nature Society,USA,
O866,Ali Khan,,Wildlife Org,unknown,No
O352,unknown,11,Nature Society,Pakistan,No
O276,John Smith,29,Nature Society,,unknown
O308,Raj Patel,,Bird Watch Pakistan,Pakistan,
O712,Ali Khan,unknown,Wildlife Org,USA,No
O808,unknown,unknown,,Pakistan,No
O977,David Lee,12,unknown,USA,unknown
O466,Ayesha Noor,,Bird Watch Pakistan,UK,
O804,Raj Patel,,Global Birding,Pakistan,
O524,Ali Khan,,Bird Watch Pakistan,Canada,
O617,Ali Khan,unknown,Global Birding,,Yes
O336,unknown,,Wildlife Org,India,No
O309,,unknown,Global Birding,unknown,Yes
O664,unknown,,Bird Watch Pakistan,USA,
O412,Ayesha Noor,5,Nature Society,,
O361,unknown,6,,India,Yes
O392,,,Nature Society,UK,
O723,Sarah John,,,Canada,No
O719,,4,unknown,USA,
O434,Ayesha Noor,3,Nature Society,unknown,
O649,John Smith,14,Freelancer,unknown,No
O608,John Smith,,Freelancer,India,
O359,,20,Global Birding,USA,Yes
O400,,,unknown,Australia,Yes
O945,Sarah John,unknown,Wildlife Org,unknown,Yes
O990,David Lee,,Nature Society,Australia,Yes
O812,Raj Patel,,Global Birding,Australia,
O363,Ayesha Noor,,Bird Watch Pakistan,unknown,No
O192,,,,,No
O464,John Smith,unknown,Global Birding,USA,No
O800,unknown,,Wildlife Org,India,
O614,John Smith,unknown,Wildlife Org,Canada,
O180,unknown,5,Global Birding,Canada,
O493,Ayesha Noor,unknown,,unknown,
O346,John Smith,,unknown,USA,unknown
O239,Sarah John,,Bird Watch Pakistan,Pakistan,unknown
O930,unknown,,Bird Watch Pakistan,UK,No
O121,John Smith,,Freelancer,Canada,unknown
O770,unknown,10,,Pakistan,
O232,Sarah John,,Nature Society,,No
O227,,5,Freelancer,unknown,
O180,David Lee,,unknown,Australia,
O475,Sarah John,unknown,Freelancer,UK,Yes
O641,David Lee,,Nature Society,USA,
O840,Raj Patel,19,Wildlife Org,India,Yes
O391,Raj Patel,,Nature Society,,No
O184,David Lee,17,Freelancer,Canada,
O419,John Smith,10,Nature Society,unknown,unknown
O509,,,Bird Watch Pakistan,unknown,Yes
O619,David Lee,unknown,Bird Watch Pakistan,Pakistan,
O871,unknown,7,Nature Society,Australia,No
O989,David Lee,unknown,Nature Society,Australia,unknown
O495,David Lee,,Wildlife Org,,
O821,unknown,12,,India,unknown
O145,John Smith,23,unknown,UK,
O983,Ayesha Noor,unknown,Freelancer,Australia,unknown
O985,Ali Khan,,unknown,Pakistan,No
O850,John Smith,21,Bird Watch Pakistan,Australia,Yes
O248,Ali Khan,,Bird Watch Pakistan,unknown,No
O601,Ali Khan,25,Nature Society,Canada,
O679,Raj Patel,,Bird Watch Pakistan,Pakistan,
O308,Ali Khan,,Nature Society,India,
O101,unknown,unknown,unknown,India,
O836,David Lee,,Global Birding,Australia,
O880,Raj Patel,24,Freelancer,,No
O296,John Smith,,unknown,USA,Yes
O342,David Lee,,Global Birding,,unknown
O801,David Lee,3,,USA,unknown
O855,John Smith,unknown,Nature Society,Canada,Yes
O997,unknown,,Wildlife Org,Australia,Yes
O938,unknown,6,Wildlife Org,India,unknown
O482,unknown,,Global Birding,India,
O172,John Smith,unknown,Bird Watch Pakistan,Pakistan,No
O406,Sarah John,,unknown,unknown,
O788,,4,Freelancer,Canada,unknown
O577,David Lee,,Global Birding,UK,Yes
O451,Sarah John,,Nature Society,Canada,
O933,Ali Khan,unknown,Nature Society,unknown,
O977,,,unknown,India,unknown
O715,Ali Khan,unknown,,UK,
O840,,,Nature Society,India,
O697,Sarah John,,Freelancer,Pakistan,
O717,Sarah John,,Global Birding,,
O616,unknown,unknown,Wildlife Org,USA,Yes
O671,unknown,,unknown,Canada,unknown
O334,John Smith,,Freelancer,USA,Yes
O306,Ayesha Noor,27,,,Yes
O963,Sarah John,19,Nature Society,Australia,Yes
O752,unknown,unknown,Bird Watch Pakistan,Pakistan,
O951,John Smith,,Nature Society,UK,unknown
O685,Sarah John,unknown,Global Birding,unknown,No
O915,Ali Khan,unknown,Global Birding,,No
O141,Ali Khan,,,Canada,
O559,unknown,,Global Birding,unknown,unknown
O982,unknown,23,unknown,India,Yes
O498,Raj Patel,3,Freelancer,Australia,
O814,John Smith,0,Nature Society,USA,
O159,Ali Khan,,Nature Society,,unknown
O544,David Lee,,Bird Watch Pakistan,Canada,No
O423,David Lee,27,Wildlife Org,Pakistan,
O103,John Smith,,,unknown,unknown
O633,John Smith,13,Wildlife Org,USA,No
O824,,,Freelancer,USA,unknown
O350,Ayesha Noor,,unknown,UK,unknown
O199,unknown,,Nature Society,Pakistan,Yes
O171,Ayesha Noor,unknown,Wildlife Org,Pakistan,
O871,John Smith,,,,unknown
O399,John Smith,unknown,Global Birding,UK,
O374,Ali Khan,7,Bird Watch Pakistan,Australia,No
O865,Raj Patel,,,India,
O659,Ali Khan,,Global Birding,Canada,
O699,unknown,15,Global Birding,India,
O541,Ayesha Noor,,Global Birding,UK,
O287,David Lee,29,,Canada,No
O936,,,Nature Society,,
O602,John Smith,,Wildlife Org,Australia,
O362,David Lee,12,unknown,Canada,
O152,David Lee,9,Bird Watch Pakistan,unknown,
O404,Sarah John,,Freelancer,India,
O946,,,Freelancer,USA,
O192,Raj Patel,unknown,Global Birding,,
O784,unknown,,Nature Society,,
O798,Sarah John,,unknown,USA,unknown
O597,Raj Patel,unknown,Bird Watch Pakistan,Pakistan,
O199,,unknown,unknown,USA,unknown
O339,unknown,15,Nature Society,UK,unknown
O945,Ali Khan,13,Global Birding,unknown,Yes
O339,unknown,12,unknown,India,Yes
O283,Raj Patel,unknown,Wildlife Org,Canada,unknown
O113,John Smith,unknown,Freelancer,Pakistan,No
O936,,,Bird Watch Pakistan,unknown,
O556,,,Freelancer,unknown,unknown
O102,unknown,unknown,Nature Society,UK,Yes
O750,,0,Wildlife Org,India,Yes
O603,Raj Patel,13,Freelancer,Australia,No
O608,John Smith,,Bird Watch Pakistan,,No
O846,John Smith,,Wildlife Org,unknown,
O354,John Smith,,,Pakistan,
O465,John Smith,25,unknown,India,Yes
O592,David Lee,25,Nature Society,Canada,unknown
O813,unknown,unknown,unknown,Canada,Yes
O231,David Lee,,Freelancer,UK,
O328,David Lee,unknown,Freelancer,Australia,Yes
O340,Ali Khan,,Nature Society,India,unknown
O198,David Lee,unknown,Nature Society,USA,unknown
O497,Ali Khan,3,Freelancer,,No
O495,Sarah John,9,Nature Society,,
O794,Ali Khan,2,Nature Society,UK,unknown
O548,Raj Patel,25,Wildlife Org,Australia,
O488,,25,Bird Watch Pakistan,Canada,Yes
O181,unknown,25,Nature Society,unknown,
O473,Ali Khan,,Freelancer,unknown,unknown
O346,Sarah John,16,unknown,,
O299,Sarah John,unknown,Freelancer,Australia,No
O490,Ayesha Noor,unknown,,Pakistan,unknown
O214,,unknown,,USA,
O206,John Smith,,,unknown,
O763,unknown,,Global Birding,Canada,No
O212,John Smith,unknown,,unknown,
O330,unknown,,Freelancer,unknown,unknown
O347,Ayesha Noor,1,Wildlife Org,USA,Yes
O116,unknown,,Bird Watch Pakistan,unknown,No
O709,unknown,unknown,Freelancer,Canada,No
O734,Ali Khan,9,Global Birding,unknown,
O914,Ayesha Noor,unknown,Freelancer,UK,No
O769,Raj Patel,,Wildlife Org,unknown,
O207,Ayesha Noor,9,unknown,Pakistan,Yes
O758,John Smith,11,unknown,Australia,unknown
O631,Raj Patel,unknown,,USA,unknown
O637,Sarah John,unknown,Nature Society,Australia,unknown
O114,Ali Khan,unknown,Global Birding,USA,No
O297,Sarah John,,,India,
O930,Ayesha Noor,,Global Birding,,Yes
O251,unknown,,Wildlife Org,UK,Yes
O638,,3,Bird Watch Pakistan,Australia,No
O771,Ayesha Noor,unknown,,Australia,Yes
O386,unknown,,Freelancer,unknown,unknown
O699,Sarah John,,Nature Society,USA,
O924,Raj Patel,unknown,unknown,unknown,Yes
O630,David Lee,,Wildlife Org,USA,
O176,unknown,unknown,Bird Watch Pakistan,unknown,
O690,Raj Patel,6,,India,
O827,,16,Freelancer,India,
O171,Raj Patel,,Global Birding,UK,unknown
O776,unknown,unknown,unknown,,
O127,unknown,,,unknown,unknown
O571,David Lee,,Freelancer,Australia,No
O760,unknown,,Nature Society,USA,
O421,,unknown,Global Birding,India,Yes
O438,,unknown,unknown,Pakistan,unknown
O131,Raj Patel,,Wildlife Org,Canada,unknown
O253,David Lee,unknown,Nature Society,Canada,No
O348,Raj Patel,unknown,Wildlife Org,India,
O515,unknown,,Nature Society,UK,
O337,Ayesha Noor,13,unknown,Pakistan,No
O578,Sarah John,27,Freelancer,USA,Yes
O984,unknown,unknown,Wildlife Org,USA,Yes
O341,John Smith,unknown,Freelancer,unknown,
O388,unknown,unknown,Nature Society,unknown,Yes
O592,John Smith,2,Wildlife Org,Australia,
O800,Raj Patel,9,Bird Watch Pakistan,,No
O897,Raj Patel,,unknown,,unknown
O615,Raj Patel,,,Canada,No
O547,Ayesha Noor,unknown,Global Birding,Canada,unknown
O423,Ali Khan,,Nature Society,Australia,No
O350,,1,Bird Watch Pakistan,India,Yes
O613,John Smith,,Bird Watch Pakistan,Canada,Yes
O830,Ayesha Noor,,Nature Society,unknown,Yes
O105,David Lee,,unknown,,Yes
O182,John Smith,unknown,Wildlife Org,Pakistan,unknown
O628,Ali Khan,16,Wildlife Org,USA,
O538,David Lee,,Bird Watch Pakistan,UK,No
O648,,18,Wildlife Org,,Yes
O733,David Lee,14,unknown,Australia,No
O462,Raj Patel,,,USA,
O964,,,Global Birding,Pakistan,Yes
O738,Sarah John,,Nature Society,Canada,No
O884,Raj Patel,unknown,Wildlife Org,Canada,
O948,unknown,,Freelancer,USA,
O305,John Smith,unknown,Global Birding,India,No
O838,,,Nature Society,unknown,
O792,John Smith,,Freelancer,Australia,
O178,unknown,,Freelancer,unknown,No
O345,unknown,,Wildlife Org,USA,
O305,Ayesha Noor,,unknown,Australia,
O697,John Smith,6,Bird Watch Pakistan,Canada,No
O313,John Smith,22,Nature Society,India,No
O603,Sarah John,,unknown,Canada,No
O270,unknown,unknown,unknown,UK,
O870,Sarah John,unknown,unknown,UK,
O606,Raj Patel,,Freelancer,Pakistan,
O903,John Smith,unknown,,Pakistan,Yes
O342,unknown,14,unknown,India,
O811,Ayesha Noor,unknown,Nature Society,UK,Yes
O680,Ali Khan,unknown,Freelancer,USA,unknown
O425,Sarah John,,Nature Society,Pakistan,unknown
O650,John Smith,18,Freelancer,UK,
O614,,,Freelancer,,
O581,Ali Khan,20,Global Birding,Pakistan,
O513,David Lee,,,Australia,unknown
O196,,,unknown,Australia,
O628,unknown,unknown,unknown,UK,No
O738,Ayesha Noor,,Global Birding,unknown,
O805,unknown,unknown,,,
O959,Ayesha Noor,6,Bird Watch Pakistan,,
O249,Ali Khan,21,Nature Society,USA,unknown
O471,Sarah John,,Bird Watch Pakistan,Pakistan,
O737,John Smith,unknown,,India,unknown
O113,Raj Patel,,Freelancer,UK,
O578,,,unknown,India,Yes
O913,Raj Patel,9,unknown,India,Yes
O370,unknown,unknown,Bird Watch Pakistan,India,Yes
O159,Ayesha Noor,,Wildlife Org,USA,No
O959,,unknown,Nature Society,India,No
O440,unknown,24,,USA,
O307,Ayesha Noor,,,UK,unknown
O985,John Smith,unknown,Nature Society,Pakistan,unknown
O135,Ali Khan,14,Freelancer,,No
O498,David Lee,8,Global Birding,Canada,Yes
O322,Ali Khan,20,Wildlife Org,India,No
O557,Ali Khan,,Wildlife Org,India,unknown
O160,John Smith,,Global Birding,India,
O365,Ayesha Noor,unknown,unknown,Australia,
O272,David Lee,,Bird Watch Pakistan,,
O201,Ayesha Noor,15,Nature Society,India,
O921,David Lee,,Nature Society,India,Yes
O270,Sarah John,,Global Birding,,No
O685,David Lee,unknown,Bird Watch Pakistan,Pakistan,unknown
O124,Sarah John,,Nature Society,Canada,
O119,John Smith,unknown,unknown,Australia,
O831,John Smith,,Wildlife Org,UK,No
O867,,,,Australia,unknown
O395,David Lee,,Bird Watch Pakistan,Australia,
O295,John Smith,2,Freelancer,USA,unknown
O499,Ayesha Noor,,Wildlife Org,Canada,unknown
O118,Ayesha Noor,,Global Birding,UK,
O874,Raj Patel,,Wildlife Org,,
O448,,17,Bird Watch Pakistan,UK,unknown
O262,Ayesha Noor,,Global Birding,,
O993,Ali Khan,,Bird Watch Pakistan,unknown,unknown
O259,Raj Patel,,,UK,unknown
O189,unknown,13,Global Birding,,Yes
O608,,,Freelancer,Canada,No
O238,,6,Nature Society,India,unknown
O218,Ali Khan,,,Pakistan,
O532,Ayesha Noor,,Global Birding,Canada,
O719,Sarah John,19,Bird Watch Pakistan,USA,
O299,,unknown,,Australia,unknown
O566,Raj Patel,30,unknown,Canada,
O474,Sarah John,17,Global Birding,unknown,
O210,John Smith,,Global Birding,USA,
O770,Raj Patel,19,Bird Watch Pakistan,,
O339,Sarah John,15,,unknown,No
O210,John Smith,23,,Canada,
O929,John Smith,unknown,Wildlife Org,USA,unknown
O824,Sarah John,unknown,Bird Watch Pakistan,Australia,Yes
O107,Ayesha Noor,unknown,Global Birding,Pakistan,Yes
O399,David Lee,,Global Birding,India,No
O713,Ayesha Noor,,unknown,Canada,Yes
O933,Ayesha Noor,,unknown,unknown,
O671,David Lee,,Wildlife Org,Pakistan,
O172,Raj Patel,,,Australia,unknown
O187,Ayesha Noor,unknown,Global Birding,Canada,
O170,Ayesha Noor,24,,Canada,unknown
O381,,23,Bird Watch Pakistan,Pakistan,No
O127,Ayesha Noor,17,Bird Watch Pakistan,,
O453,Ali Khan,,Nature Society,UK,Yes
O922,Raj Patel,unknown,unknown,Pakistan,
O633,,unknown,unknown,unknown,
O655,Raj Patel,unknown,Nature Society,India,No
O415,John Smith,,Freelancer,UK,
O189,Ali Khan,,Global Birding,unknown,Yes
O729,unknown,,Bird Watch Pakistan,,No
O208,John Smith,,Wildlife Org,Pakistan,No
O973,David Lee,30,Bird Watch Pakistan,unknown,Yes
O939,Raj Patel,unknown,Wildlife Org,unknown,Yes
O105,John Smith,unknown,Nature Society,Canada,No
O813,Raj Patel,,Global Birding,UK,
O675,Ali Khan,20,Freelancer,Pakistan,No
O582,Ali Khan,,Global Birding,USA,
O534,Sarah John,unknown,Wildlife Org,unknown,
O165,David Lee,unknown,,Canada,No
O486,Ali Khan,unknown,Freelancer,Canada,Yes
O156,Raj Patel,,,,No
O604,Sarah John,unknown,Freelancer,Australia,unknown
O714,Raj Patel,20,Global Birding,Pakistan,
O850,John Smith,,,Canada,
O174,unknown,unknown,Bird Watch Pakistan,,
O772,Raj Patel,2,Freelancer,unknown,No
O467,,29,Wildlife Org,USA,Yes
O409,Ayesha Noor,16,Nature Society,UK,
O347,Raj Patel,,unknown,Australia,
O768,,22,,Australia,
O952,Raj Patel,,Global Birding,India,No
O688,,unknown,Wildlife Org,UK,unknown
O828,Sarah John,,Global Birding,India,
O668,unknown,8,unknown,unknown,No
O317,Raj Patel,15,Nature Society,Canada,No
O670,unknown,unknown,Bird Watch Pakistan,India,unknown
O537,Sarah John,24,,,unknown
O775,Ali Khan,,unknown,Australia,
O117,John Smith,13,Nature Society,Canada,No
O462,unknown,22,Wildlife Org,unknown,
O983,Sarah John,20,unknown,unknown,Yes
O455,Ayesha Noor,,Nature Society,Canada,
O362,Raj Patel,unknown,Nature Society,USA,
O498,John Smith,unknown,Freelancer,unknown,No
O121,David Lee,,unknown,Australia,No
O127,John Smith,20,Bird Watch Pakistan,Canada,No
O201,Raj Patel,unknown,Wildlife Org,UK,
O178,,unknown,Bird Watch Pakistan,Australia,No
O400,,,unknown,,
O134,Sarah John,,unknown,India,Yes
O172,Raj Patel,26,,Pakistan,Yes
O205,Ayesha Noor,,Freelancer,unknown,unknown
O431,unknown,unknown,Nature Society,Pakistan,unknown
O280,Ayesha Noor,unknown,Wildlife Org,India,Yes
O456,David Lee,unknown,Wildlife Org,unknown,
O466,,,Bird Watch Pakistan,Pakistan,Yes
O620,,,,,
O277,,unknown,Bird Watch Pakistan,Australia,unknown
O453,John Smith,8,Bird Watch Pakistan,UK,
O627,Ayesha Noor,,Wildlife Org,Australia,
O637,unknown,,Wildlife Org,Canada,No
O808,Ali Khan,,unknown,,Yes
O291,unknown,unknown,Freelancer,unknown,
O607,David Lee,,Nature Society,unknown,No
O952,John Smith,unknown,Bird Watch Pakistan,Pakistan,No
O396,Ayesha Noor,,Wildlife Org,,
O809,John Smith,9,unknown,UK,
O411,Sarah John,,Nature Society,Pakistan,No
O330,David Lee,unknown,,India,
O467,unknown,30,Global Birding,unknown,unknown
O716,Ali Khan,,Nature Society,USA,unknown
O944,Raj Patel,,Global Birding,Canada,
O846,Ayesha Noor,unknown,Nature Society,Australia,unknown
O565,Sarah John,,Freelancer,India,unknown
O529,Ayesha Noor,,Freelancer,Canada,
O851,Raj Patel,22,,Australia,unknown
O883,unknown,22,,Pakistan,unknown
O406,John Smith,11,unknown,Australia,
O109,David Lee,unknown,unknown,unknown,
O626,Ayesha Noor,,Global Birding,UK,
O465,,22,Global Birding,,
O521,Ali Khan,,,USA,Yes
O865,John Smith,unknown,Wildlife Org,Canada,
O603,John Smith,,Nature Society,Australia,
O409,David Lee,3,Freelancer,Australia,Yes
O284,Raj Patel,28,Wildlife Org,,
O187,unknown,,,India,Yes
O239,Ayesha Noor,29,Bird Watch Pakistan,,unknown
O775,Sarah John,,Freelancer,Canada,unknown
O476,Raj Patel,,unknown,Australia,
O620,Raj Patel,unknown,Wildlife Org,India,unknown
O694,Ali Khan,unknown,Nature Society,India,Yes
O136,David Lee,,Wildlife Org,Pakistan,Yes
O233,Sarah John,,Freelancer,Pakistan,unknown
O247,Ali Khan,10,,UK,
O365,Ali Khan,unknown,Global Birding,,
O955,,12,Global Birding,UK,Yes
O600,,,Nature Society,Australia,No
O274,Raj Patel,,Wildlife Org,Canada,unknown
O250,Ali Khan,,Nature Society,Pakistan,Yes
O467,Raj Patel,,Nature Society,USA,
O337,Ali Khan,unknown,Wildlife Org,India,unknown
O179,unknown,,Wildlife Org,Canada,Yes
O893,,,Freelancer,UK,unknown
O720,John Smith,,Bird Watch Pakistan,USA,unknown
O551,John Smith,,Freelancer,Australia,Yes
O997,unknown,,Freelancer,Canada,
O370,Sarah John,,Bird Watch Pakistan,,
O857,John Smith,10,Freelancer,unknown,unknown
O813,,,unknown,unknown,
O272,Ayesha Noor,12,,UK,
O429,John Smith,unknown,Wildlife Org,India,unknown
O433,unknown,,Global Birding,,
O946,Ali Khan,,Nature Society,Pakistan,No
O197,Raj Patel,unknown,unknown,Canada,unknown
O845,Raj Patel,,Global Birding,,
O845,unknown,,Wildlife Org,Pakistan,
O386,Raj Patel,,Freelancer,India,No
O695,Sarah John,,Freelancer,USA,
O195,Raj Patel,,,UK,unknown
O690,,9,unknown,Australia,
O640,David Lee,,,unknown,
O285,,,Bird Watch Pakistan,unknown,Yes
O173,Raj Patel,2,unknown,Canada,
O615,Ayesha Noor,,Nature Society,Canada,unknown
O343,John Smith,,Nature Society,Canada,
O352,David Lee,26,Wildlife Org,Australia,unknown
O320,Raj Patel,,Bird Watch Pakistan,Pakistan,No
O468,unknown,unknown,,USA,No
O227,Ayesha Noor,unknown,Wildlife Org,India,No
O630,Ayesha Noor,25,Global Birding,Pakistan,Yes
O899,Ali Khan,unknown,unknown,unknown,Yes
O908,John Smith,,,UK,Yes
O415,Sarah John,unknown,,UK,unknown
O775,Sarah John,,Nature Society,,Yes
O310,Ali Khan,,Global Birding,USA,
O846,Ayesha Noor,unknown,,,unknown
O731,David Lee,14,Freelancer,UK,unknown
O749,John Smith,,Global Birding,,unknown
O252,Ali Khan,,,unknown,
O210,Sarah John,unknown,Global Birding,,
O672,Ali Khan,,Bird Watch Pakistan,India,Yes
O166,David Lee,unknown,Global Birding,UK,No
O221,David Lee,,Freelancer,India,
O241,Ali Khan,28,unknown,India,unknown
O536,David Lee,,Bird Watch Pakistan,,Yes
O939,David Lee,29,Wildlife Org,Australia,Yes
O666,Ayesha Noor,unknown,,Pakistan,No
O454,Raj Patel,,unknown,Canada,No
O360,Ali Khan,unknown,Bird Watch Pakistan,,
O507,,17,unknown,India,No
O805,Ali Khan,10,Bird Watch Pakistan,UK,unknown
O269,unknown,unknown,Nature Society,,
O313,Ayesha Noor,0,Freelancer,,Yes
O211,Raj Patel,,unknown,Pakistan,
O218,unknown,,,Australia,Yes
O527,,,Bird Watch Pakistan,unknown,
O300,David Lee,unknown,Bird Watch Pakistan,Pakistan,unknown
O225,Ali Khan,unknown,Global Birding,India,
O677,Sarah John,18,Bird Watch Pakistan,India,Yes
O196,Ali Khan,unknown,Bird Watch Pakistan,Australia,
O154,Ali Khan,,Freelancer,Canada,No
O634,unknown,,Bird Watch Pakistan,Australia,Yes
O430,John Smith,unknown,Global Birding,Pakistan,No
O755,Ali Khan,,Freelancer,unknown,
O390,,7,Bird Watch Pakistan,USA,
O498,Ali Khan,unknown,,Canada,unknown
O212,Raj Patel,,unknown,unknown,
O292,David Lee,,unknown,Pakistan,No
O696,Ayesha Noor,,,USA,Yes
O909,Ayesha Noor,,Wildlife Org,UK,
O301,,unknown,,,unknown
O230,unknown,unknown,Wildlife Org,Canada,Yes
O647,David Lee,,,Canada,Yes
O665,,unknown,Nature Society,India,
O359,Ayesha Noor,unknown,Nature Society,Pakistan,unknown
O863,John Smith,,unknown,Canada,
O657,Ali Khan,,Global Birding,unknown,Yes
O541,,11,Freelancer,Canada,
O845,John Smith,30,unknown,Australia,
O726,Raj Patel,unknown,,USA,
O102,Ali Khan,,Nature Society,UK,No
O857,,,,,
O264,Ayesha Noor,,Bird Watch Pakistan,USA,No
O719,Ali Khan,29,Nature Society,UK,Yes
O812,Ali Khan,,Wildlife Org,,No
O883,David Lee,,Nature Society,UK,
O521,Ayesha Noor,unknown,Global Birding,India,Yes
O523,,unknown,,Pakistan,Yes
O101,unknown,,Nature Society,USA,No
O636,Sarah John,unknown,,UK,Yes
O288,John Smith,,Freelancer,unknown,unknown
O897,Ayesha Noor,,Wildlife Org,,unknown
O859,Ali Khan,30,unknown,USA,
O525,unknown,14,Freelancer,unknown,Yes
O307,,25,Wildlife Org,India,No
O465,Sarah John,29,Nature Society,unknown,
O250,Ali Khan,,Global Birding,,
O432,,,Nature Society,,
O397,Ayesha Noor,,Freelancer,unknown,
O983,Raj Patel,,Global Birding,Australia,unknown
O485,Raj Patel,unknown,Wildlife Org,,
O565,,unknown,Wildlife Org,USA,
O396,John Smith,22,unknown,Australia,
O468,David Lee,,Wildlife Org,Canada,unknown
O958,Raj Patel,unknown,Wildlife Org,Australia,unknown
O589,David Lee,unknown,Global Birding,Australia,
O398,unknown,,unknown,Australia,
O533,,,Freelancer,unknown,
O817,unknown,,Nature Society,India,No
O717,David Lee,,unknown,unknown,unknown
O698,David Lee,0,Freelancer,,
O468,,,,UK,
O848,,29,Global Birding,Canada,unknown
O772,Ayesha Noor,,unknown,USA,
O518,John Smith,,,USA,
O704,Ayesha Noor,,Freelancer,USA,No
O421,unknown,3,Global Birding,USA,
O934,,unknown,Global Birding,Australia,
O424,Ayesha Noor,,,Australia,
O386,Ayesha Noor,,,USA,No
O965,Sarah John,,,USA,
O113,unknown,,Nature Society,unknown,unknown
O559,Sarah John,,unknown,,Yes
O238,unknown,unknown,unknown,,
O590,unknown,unknown,Nature Society,Australia,unknown
O477,,9,unknown,unknown,
O273,John Smith,unknown,unknown,,
O411,John Smith,,Freelancer,unknown,
O169,David Lee,28,Global Birding,Canada,Yes
O415,Sarah John,unknown,Wildlife Org,USA,unknown
O796,Ali Khan,,Nature Society,USA,
O801,Ayesha Noor,unknown,,Pakistan,
O821,Ali Khan,unknown,unknown,Australia,Yes
O527,Sarah John,,unknown,Australia,Yes
O804,Ali Khan,29,Nature Society,unknown,No
O862,David Lee,,unknown,unknown,
O349,John Smith,,Bird Watch Pakistan,Canada,
O396,,,Bird Watch Pakistan,Canada,No
O820,unknown,,unknown,India,No
O883,unknown,unknown,,Australia,unknown
O340,Raj Patel,3,Global Birding,India,
O193,Ayesha Noor,18,Wildlife Org,unknown,
O986,Raj Patel,,,Canada,
O504,Sarah John,,Global Birding,,No
O321,David Lee,,Nature Society,,Yes
O345,,unknown,Freelancer,India,Yes
O895,Sarah John,,Global Birding,Pakistan,
O836,Ayesha Noor,,Wildlife Org,,Yes
O505,Ali Khan,,Bird Watch Pakistan,Australia,unknown
O430,,,,India,
O557,Ayesha Noor,,,unknown,
O518,Ayesha Noor,,unknown,,
O133,,16,Wildlife Org,India,Yes
O729,Ayesha Noor,,,Australia,No
O859,Ali Khan,unknown,Wildlife Org,Pakistan,No
O941,,,Global Birding,,No
O715,,,,India,unknown
O642,John Smith,,Freelancer,,
O908,unknown,16,unknown,India,No
O785,Raj Patel,,Freelancer,unknown,No
O381,Raj Patel,9,unknown,,
O832,Sarah John,,unknown,unknown,
O232,,,,unknown,Yes
O856,Sarah John,9,unknown,,
O958,,,Nature Society,UK,unknown
O571,Raj Patel,,Global Birding,,
O612,John Smith,,Bird Watch Pakistan,,No
O955,John Smith,,unknown,Canada,
O209,,,Nature Society,unknown,
O666,Ayesha Noor,,unknown,Pakistan,
O698,John Smith,unknown,Wildlife Org,Pakistan,unknown
O790,unknown,,Wildlife Org,India,
O193,John Smith,24,unknown,UK,
O423,Sarah John,,Bird Watch Pakistan,unknown,No
O914,Ali Khan,9,,,Yes
O484,Ali Khan,8,,India,
O963,Sarah John,10,Freelancer,Canada,No
O440,unknown,,Nature Society,USA,Yes
O779,Ali Khan,unknown,Nature Society,unknown,Yes
O213,Raj Patel,1,Freelancer,Australia,No
O890,Sarah John,26,Nature Society,UK,Yes
O439,David Lee,,Nature Society,Australia,No
O593,Sarah John,unknown,Freelancer,Canada,Yes
O325,John Smith,unknown,Freelancer,unknown,
O412,Ayesha Noor,,Freelancer,India,
O370,unknown,14,Global Birding,USA,unknown
O781,,unknown,Freelancer,UK,Yes
O303,unknown,11,unknown,UK,No
O186,Ayesha Noor,,Global Birding,Canada,No
O915,Sarah John,18,unknown,UK,Yes
O177,David Lee,7,Bird Watch Pakistan,Canada,Yes
O731,Sarah John,,Global Birding,,Yes
O372,unknown,,unknown,Australia,unknown
O773,unknown,,,,unknown
O975,John Smith,,Nature Society,,Yes
O936,John Smith,,,USA,Yes
O479,Ayesha Noor,unknown,Nature Society,USA,Yes
O740,unknown,,unknown,UK,No
O101,Ali Khan,unknown,,Pakistan,
O624,Ayesha Noor,20,unknown,UK,
O320,Ali Khan,unknown,Global Birding,India,Yes
O477,Ayesha Noor,28,Freelancer,Australia,Yes
O760,Ayesha Noor,,Wildlife Org,India,unknown
O390,unknown,,Nature Society,USA,No
O649,David Lee,,Freelancer,unknown,Yes
O555,John Smith,23,Wildlife Org,Canada,
O208,Sarah John,unknown,Global Birding,Australia,No
O446,Ayesha Noor,6,Global Birding,UK,unknown
O401,,unknown,Wildlife Org,Canada,
O326,Ali Khan,unknown,Bird Watch Pakistan,Canada,
O143,John Smith,unknown,Wildlife Org,Canada,No
O237,Ali Khan,15,Wildlife Org,Australia,
O557,Raj Patel,unknown,Global Birding,,No
O672,,,Bird Watch Pakistan,Australia,No
O956,Ali Khan,3,Global Birding,India,
O978,,,unknown,USA,Yes
O689,Raj Patel,9,Bird Watch Pakistan,Canada,
O933,Raj Patel,17,unknown,UK,unknown
O536,David Lee,,Nature Society,Pakistan,No
O676,Sarah John,unknown,Global Birding,unknown,
O147,Ali Khan,,Bird Watch Pakistan,India,Yes
O850,unknown,,unknown,unknown,unknown
O449,Ali Khan,,Nature Society,unknown,unknown
O128,David Lee,2,Wildlife Org,Pakistan,No
O344,Ali Khan,,unknown,USA,
O794,,unknown,Nature Society,,unknown
O104,Ali Khan,unknown,Nature Society,Australia,No
O584,,,Global Birding,India,
O494,David Lee,,,USA,unknown
O368,Sarah John,6,Global Birding,Australia,unknown
O426,Sarah John,19,Global Birding,UK,
O367,John Smith,,unknown,Australia,
O387,Raj Patel,0,Bird Watch Pakistan,,Yes
O830,John Smith,,Wildlife Org,India,Yes
O917,Ayesha Noor,,unknown,India,Yes
O344,Ayesha Noor,,Global Birding,Australia,Yes
O375,unknown,,Bird Watch Pakistan,Australia,No
O651,,12,Freelancer,,
O735,David Lee,,Global Birding,Canada,Yes
O787,Ali Khan,,Nature Society,India,No
O712,John Smith,,Bird Watch Pakistan,Canada,No
O425,David Lee,,Global Birding,,
O320,Raj Patel,15,Nature Society,Canada,
O955,Ali Khan,,unknown,India,
O361,David Lee,,unknown,Pakistan,unknown
O700,Sarah John,27,unknown,unknown,unknown
O473,unknown,,Bird Watch Pakistan,India,
O465,John Smith,unknown,Bird Watch Pakistan,,
O863,Ali Khan,23,Freelancer,Australia,
O477,Sarah John,unknown,Wildlife Org,Pakistan,Yes
O882,Raj Patel,,Global Birding,unknown,
O545,John Smith,18,Bird Watch Pakistan,Canada,No
O478,David Lee,unknown,,USA,
O716,Sarah John,3,Freelancer,Pakistan,No
O700,David Lee,unknown,,Pakistan,unknown
O657,Ali Khan,unknown,Freelancer,,Yes
O949,Raj Patel,24,Nature Society,Canada,unknown
O741,unknown,,,unknown,
O855,Raj Patel,unknown,Bird Watch Pakistan,USA,
O904,Ayesha Noor,,unknown,India,No
O497,Sarah John,,,Pakistan,Yes
O900,Ali Khan,14,Freelancer,,unknown
O906,unknown,,unknown,Australia,
O348,Ayesha Noor,,Freelancer,India,unknown
O796,David Lee,5,,Pakistan,Yes
O716,Ali Khan,,Bird Watch Pakistan,UK,No
O307,,17,Global Birding,UK,Yes
O694,John Smith,,Freelancer,Canada,No
O213,Raj Patel,,Freelancer,Canada,unknown
O893,Ali Khan,,unknown,Pakistan,No
O591,David Lee,,unknown,unknown,unknown
O323,John Smith,3,Global Birding,UK,
O956,Raj Patel,5,Nature Society,,
O999,John Smith,unknown,Bird Watch Pakistan,Pakistan,unknown
O502,Ayesha Noor,,Global Birding,Australia,Yes
O739,,,unknown,USA,
O314,,2,Freelancer,Australia,Yes
O989,Ali Khan,,Freelancer,Australia,
O182,Sarah John,,Bird Watch Pakistan,UK,
O290,unknown,30,Freelancer,India,
O462,Ali Khan,unknown,Global Birding,India,
O118,Ayesha Noor,14,Wildlife Org,Australia,No
O486,David Lee,,,UK,Yes
O358,Ayesha Noor,,Bird Watch Pakistan,Australia,
O909,Ali Khan,19,Nature Society,India,
O322,David Lee,,Global Birding,India,unknown
O830,,12,Bird Watch Pakistan,Canada,Yes
O565,Ali Khan,,Nature Society,India,unknown
O801,unknown,,,USA,
O122,David Lee,,,Australia,
O967,Sarah John,,,unknown,unknown
O392,Ali Khan,,Freelancer,UK,No
O647,Ali Khan,28,Bird Watch Pakistan,Canada,unknown
O501,Raj Patel,11,,,
O814,David Lee,unknown,Bird Watch Pakistan,Canada,unknown
O665,David Lee,unknown,Global Birding,unknown,
O127,unknown,25,,Pakistan,No
O595,,18,,Pakistan,Yes
O734,Ali Khan,,Bird Watch Pakistan,,
O466,unknown,21,unknown,India,unknown
O206,John Smith,,,USA,unknown
O636,unknown,3,unknown,UK,
O222,Ali Khan,,unknown,Australia,unknown
O825,Ali Khan,,Freelancer,USA,
O252,John Smith,7,Bird Watch Pakistan,Australia,unknown
O399,unknown,unknown,Freelancer,UK,No
O955,Raj Patel,28,Wildlife Org,Australia,
O693,Ayesha Noor,,Nature Society,Canada,Yes
O505,David Lee,13,unknown,USA,
O135,Raj Patel,,,,unknown
O918,John Smith,3,Freelancer,India,unknown
O852,Ali Khan,,Freelancer,Canada,Yes
O922,unknown,,Wildlife Org,unknown,No
O997,Sarah John,unknown,Global Birding,UK,No
O542,Sarah John,unknown,Freelancer,,
O489,David Lee,unknown,Wildlife Org,Australia,
O713,John Smith,27,Nature Society,India,
O290,Sarah John,,,unknown,No
O532,Ali Khan,16,Nature Society,USA,
O158,John Smith,28,Global Birding,UK,No
O338,Ali Khan,,Wildlife Org,unknown,unknown
O564,unknown,25,Freelancer,India,
O808,Ayesha Noor,,Bird Watch Pakistan,India,Yes
O444,unknown,unknown,unknown,Canada,
O372,Sarah John,,Bird Watch Pakistan,,
O112,unknown,18,Wildlife Org,Pakistan,
O369,,28,unknown,unknown,unknown
O857,Ali Khan,unknown,Nature Society,,
O729,Sarah John,,unknown,USA,
O620,Ayesha Noor,,Wildlife Org,India,Yes
O754,unknown,,Bird Watch Pakistan,,unknown
O728,John Smith,,unknown,Australia,Yes
O132,unknown,,,India,unknown
O208,Sarah John,unknown,Bird Watch Pakistan,USA,unknown
O343,Raj Patel,,Freelancer,,Yes
O498,Raj Patel,unknown,,,Yes
O722,unknown,,Global Birding,unknown,
O595,David Lee,19,Freelancer,USA,No
O548,Ayesha Noor,,Nature Society,USA,
O120,Ayesha Noor,,Bird Watch Pakistan,Australia,Yes
O250,Ayesha Noor,,,USA,
O127,unknown,,Nature Society,Australia,
O923,Ali Khan,13,Nature Society,USA,No
O363,Raj Patel,,Freelancer,Australia,Yes
O664,unknown,unknown,Bird Watch Pakistan,USA,
O731,David Lee,21,Global Birding,,unknown
O182,Ayesha Noor,,Wildlife Org,USA,unknown
O688,Sarah John,,Nature Society,USA,
O399,Sarah John,,Wildlife Org,unknown,
O751,Raj Patel,,,Canada,Yes
O748,unknown,15,Bird Watch Pakistan,USA,No
O856,Sarah John,,Wildlife Org,USA,No
O434,,20,Nature Society,unknown,unknown
O143,Raj Patel,unknown,Freelancer,Australia,
O792,Raj Patel,,Bird Watch Pakistan,USA,No
O216,Sarah John,unknown,Bird Watch Pakistan,Australia,
O468,Ayesha Noor,10,,India,No
O103,John Smith,,unknown,India,No
O550,Ayesha Noor,unknown,Nature Society,,No
O518,unknown,,Wildlife Org,Canada,Yes
O291,Ali Khan,5,Global Birding,Australia,unknown
O752,Sarah John,4,Freelancer,,unknown
O676,Sarah John,,,Pakistan,
O259,Ali Khan,unknown,unknown,UK,Yes
O429,Ali Khan,4,Freelancer,unknown,
O352,unknown,,Bird Watch Pakistan,USA,No
O488,Raj Patel,,Wildlife Org,Canada,unknown
O267,David Lee,,unknown,Australia,No
O597,unknown,,Wildlife Org,India,Yes
O821,David Lee,,unknown,unknown,
O266,Ali Khan,13,Freelancer,Canada,Yes
O718,David Lee,,Nature Society,Pakistan,
O930,Sarah John,,Nature Society,Pakistan,No
O315,Raj Patel,unknown,Nature Society,Pakistan,Yes
O109,,,Freelancer,Pakistan,
O272,Ali Khan,,Nature Society,Canada,No
O395,Ayesha Noor,21,Wildlife Org,Pakistan,
O364,Sarah John,,Bird Watch Pakistan,USA,
O968,Sarah John,13,,Australia,
O820,unknown,unknown,Wildlife Org,UK,unknown
O653,unknown,,Global Birding,UK,
O761,David Lee,,Bird Watch Pakistan,Pakistan,unknown
O327,Raj Patel,11,Freelancer,Australia,unknown
O155,David Lee,,unknown,UK,
O253,John Smith,,,USA,
O417,Sarah John,,Wildlife Org,Australia,
O928,Ayesha Noor,,,Canada,No
O200,,unknown,Nature Society,Canada,
O690,Ayesha Noor,,,UK,Yes
O635,John Smith,,Bird Watch Pakistan,Pakistan,
O592,,,Global Birding,Australia,
O223,Ali Khan,7,,Canada,
O182,Sarah John,,Nature Society,India,unknown
O971,David Lee,19,unknown,Canada,
O408,,unknown,Wildlife Org,India,No
O469,Raj Patel,12,Global Birding,Canada,unknown
O665,Sarah John,,Nature Society,Pakistan,
O161,David Lee,,Nature Society,Canada,
O110,Sarah John,,Bird Watch Pakistan,,unknown
O138,John Smith,,Global Birding,Canada,
O534,Ayesha Noor,4,,Pakistan,Yes
O103,David Lee,19,,Pakistan,Yes
O137,Ayesha Noor,unknown,Freelancer,India,
O697,Sarah John,,Global Birding,Pakistan,Yes
O293,Ali Khan,unknown,,India,Yes
O264,Raj Patel,unknown,Freelancer,Pakistan,
O290,David Lee,30,Global Birding,unknown,Yes
O702,John Smith,,Freelancer,,No
O242,Raj Patel,,Global Birding,Pakistan,Yes
O448,,11,Global Birding,unknown,
O947,David Lee,unknown,Bird Watch Pakistan,USA,
O972,,,unknown,Canada,
O916,Ali Khan,unknown,Wildlife Org,Pakistan,
O339,Sarah John,,Global Birding,Canada,unknown
O874,Raj Patel,15,unknown,Australia,Yes
O718,unknown,unknown,,Canada,No
O524,Raj Patel,,Global Birding,Canada,
O751,Raj Patel,,unknown,USA,
O445,Ali Khan,,Wildlife Org,Australia,No
O716,Ali Khan,,Nature Society,India,
O749,,2,Wildlife Org,Australia,unknown
O702,,,Freelancer,,No
O128,unknown,,Wildlife Org,,
O992,David Lee,,,Canada,unknown
O927,Ayesha Noor,unknown,,UK,Yes
O976,Raj Patel,,Freelancer,Australia,
O355,John Smith,unknown,,UK,Yes
O565,unknown,,,UK,
O138,Sarah John,,Freelancer,,
O465,John Smith,,Nature Society,USA,Yes
O967,Sarah John,,Bird Watch Pakistan,unknown,unknown
O127,Ali Khan,,Wildlife Org,USA,Yes
O315,,unknown,Freelancer,USA,Yes
O719,unknown,unknown,Nature Society,India,
O145,David Lee,unknown,Nature Society,Australia,Yes
O103,John Smith,20,Global Birding,Canada,Yes
O881,Ali Khan,,Bird Watch Pakistan,UK,unknown
O905,David Lee,,unknown,India,
O479,Raj Patel,13,Global Birding,Pakistan,Yes
O357,David Lee,,,,
O413,John Smith,,Bird Watch Pakistan,USA,
O113,Ali Khan,,,USA,No
O440,Raj Patel,11,Nature Society,,unknown
O147,John Smith,,Bird Watch Pakistan,India,
O747,David Lee,23,Wildlife Org,Australia,unknown
O719,Ayesha Noor,,,USA,
O847,Ayesha Noor,0,Freelancer,USA,
O703,Raj Patel,,Global Birding,Australia,Yes
O919,unknown,4,Freelancer,,
O138,Sarah John,unknown,unknown,Pakistan,Yes
O403,Sarah John,,,Canada,unknown
O299,Ali Khan,,unknown,unknown,Yes
O919,Raj Patel,,Freelancer,UK,Yes
O963,,,,India,
O752,unknown,,unknown,USA,
O792,Sarah John,17,Global Birding,India,
O540,,unknown,Wildlife Org,Pakistan,Yes
O139,,,unknown,Pakistan,Yes
O705,Ayesha Noor,,Global Birding,Canada,No
O423,Ali Khan,18,Wildlife Org,Canada,No
O803,Raj Patel,,Freelancer,unknown,unknown
O822,Ali Khan,,Bird Watch Pakistan,India,Yes
O887,Ayesha Noor,,Wildlife Org,India,No
O434,Ali Khan,unknown,unknown,India,
O960,Sarah John,,Nature Society,USA,
O502,David Lee,,Nature Society,unknown,Yes
O666,Ali Khan,,Wildlife Org,UK,Yes
O530,David Lee,,unknown,unknown,
O372,Raj Patel,0,unknown,unknown,unknown
O878,David Lee,17,Nature Society,USA,unknown
O863,Ali Khan,,Bird Watch Pakistan,Australia,unknown
O798,Ali Khan,,Freelancer,UK,
O479,,,Global Birding,Canada,No
O853,John Smith,,Global Birding,unknown,
O998,unknown,,Global Birding,USA,No
O566,Ali Khan,27,Bird Watch Pakistan,Australia,No
O698,David Lee,,unknown,,No
O601,Ayesha Noor,,unknown,USA,No
O439,Sarah John,,Freelancer,USA,
O998,Raj Patel,12,Nature Society,,unknown
O651,Sarah John,27,Wildlife Org,USA,unknown
O983,Ayesha Noor,unknown,,Australia,No
O551,Ayesha Noor,unknown,unknown,unknown,unknown
O915,David Lee,unknown,Freelancer,,Yes
O457,Raj Patel,unknown,Global Birding,,
O719,David Lee,,Global Birding,Australia,
O713,David Lee,21,Wildlife Org,India,unknown
O616,,,Nature Society,Australia,unknown
O524,unknown,,Bird Watch Pakistan,Canada,Yes
O926,David Lee,,Wildlife Org,India,No
O243,,1,Bird Watch Pakistan,Canada,
O319,unknown,,,India,unknown
O278,Ayesha Noor,,Nature Society,unknown,Yes
O208,Raj Patel,7,unknown,Pakistan,
O932,Ayesha Noor,7,Bird Watch Pakistan,unknown,Yes
O114,Sarah John,unknown,,unknown,No
O399,David Lee,13,Global Birding,unknown,
O402,Sarah John,,Nature Society,India,No
O124,,,Global Birding,USA,
O316,Ayesha Noor,,Wildlife Org,India,Yes
O246,David Lee,,Freelancer,Pakistan,
O495,Sarah John,,Nature Society,Canada,unknown
O761,Ali Khan,,,Pakistan,No
O408,David Lee,,unknown,India,unknown
O267,Ayesha Noor,unknown,Bird Watch Pakistan,unknown,unknown
O684,John Smith,25,Nature Society,,No
O314,Sarah John,,Bird Watch Pakistan,,
O162,unknown,15,Global Birding,unknown,No
O554,David Lee,,unknown,UK,No
O437,Ayesha Noor,,,India,
O953,Ayesha Noor,,Nature Society,USA,No
O600,David Lee,,,USA,unknown
O226,,,Global Birding,Pakistan,Yes
O845,Sarah John,,unknown,Pakistan,Yes
O273,David Lee,6,Nature Society,USA,Yes
O831,Sarah John,29,Freelancer,USA,
O449,unknown,11,unknown,USA,
O854,unknown,,Nature Society,Pakistan,
O341,John Smith,,,,
O318,Raj Patel,,,unknown,Yes
O645,Raj Patel,unknown,Global Birding,,Yes
O862,Ayesha Noor,,Freelancer,Canada,unknown
O604,unknown,unknown,Bird Watch Pakistan,Canada,unknown
O501,Raj Patel,16,Global Birding,Canada,Yes
O804,,unknown,Freelancer,USA,Yes
O523,David Lee,,Bird Watch Pakistan,unknown,No
O567,Raj Patel,,Wildlife Org,USA,No
O202,Ali Khan,,Nature Society,Australia,
O475,David Lee,,Wildlife Org,India,
O458,John Smith,unknown,Wildlife Org,USA,Yes
O772,Ali Khan,unknown,Wildlife Org,Australia,
O318,David Lee,,unknown,USA,
O204,Sarah John,unknown,Bird Watch Pakistan,Pakistan,Yes
O288,Ayesha Noor,15,unknown,,
O346,,,Global Birding,Canada,Yes
O124,John Smith,,unknown,USA,Yes
O639,Raj Patel,,,Canada,unknown
O574,David Lee,unknown,unknown,Pakistan,unknown
O664,Ali Khan,,Freelancer,Australia,
O652,Ayesha Noor,unknown,Nature Society,Australia,
O614,unknown,18,Freelancer,India,
O601,,24,unknown,USA,
O860,Ali Khan,unknown,Global Birding,UK,
O999,,,Nature Society,India,
O777,Raj Patel,,,,
O599,Ali Khan,,unknown,Canada,Yes
O593,John Smith,unknown,Global Birding,Canada,
O217,unknown,unknown,Freelancer,UK,unknown
O773,David Lee,unknown,Global Birding,USA,No
O580,unknown,,Freelancer,Pakistan,No
O654,Ali Khan,unknown,Wildlife Org,Australia,unknown
O801,Ayesha Noor,4,Wildlife Org,Canada,unknown
O193,David Lee,27,Freelancer,Pakistan,unknown
O223,unknown,30,Bird Watch Pakistan,Canada,unknown
O878,,30,Wildlife Org,,No
O352,John Smith,,Global Birding,India,unknown
O870,,,Bird Watch Pakistan,unknown,
O717,unknown,10,Bird Watch Pakistan,Pakistan,No
O505,Raj Patel,unknown,unknown,unknown,No
O782,Sarah John,unknown,Wildlife Org,Canada,unknown
O373,Ali Khan,unknown,unknown,Pakistan,
O391,unknown,,Nature Society,India,
O646,unknown,,unknown,unknown,
O282,Ali Khan,,unknown,Canada,
O563,Sarah John,,Bird Watch Pakistan,UK,
O369,Raj Patel,,Wildlife Org,unknown,Yes
O694,Sarah John,unknown,,Australia,
O322,John Smith,unknown,Nature Society,unknown,No
O363,unknown,16,Freelancer,UK,
O803,Raj Patel,unknown,Global Birding,unknown,No
O493,John Smith,unknown,Wildlife Org,Canada,
O294,Raj Patel,unknown,Bird Watch Pakistan,Australia,Yes
O800,,unknown,Nature Society,,unknown
O536,John Smith,,Bird Watch Pakistan,USA,unknown
O636,,,Wildlife Org,,
O892,Ayesha Noor,,Global Birding,Canada,unknown
O768,David Lee,unknown,Bird Watch Pakistan,Canada,unknown
O112,,16,,Canada,No
O430,David Lee,,unknown,Australia,unknown
O531,unknown,unknown,unknown,India,No
O664,Ali Khan,,Wildlife Org,Canada,
O368,Ayesha Noor,,Wildlife Org,UK,
O685,David Lee,,,,unknown
O526,Sarah John,24,Nature Society,Pakistan,Yes
O631,unknown,,Bird Watch Pakistan,UK,unknown
O581,Sarah John,,Freelancer,Australia,
O835,John Smith,6,,Australia,No
O147,John Smith,,Global Birding,Australia,No
O222,Ayesha Noor,,Bird Watch Pakistan,UK,
O944,Ayesha Noor,25,Global Birding,,
O914,Ayesha Noor,23,Bird Watch Pakistan,,No
O732,John Smith,,Wildlife Org,Pakistan,Yes
O211,Sarah John,,Freelancer,India,
O152,John Smith,28,Wildlife Org,Pakistan,
O716,David Lee,unknown,Bird Watch Pakistan,USA,
O999,Raj Patel,,Nature Society,unknown,Yes
O394,Sarah John,,Nature Society,UK,No
O203,Sarah John,,Bird Watch Pakistan,India,unknown
O459,John Smith,,unknown,USA,unknown
O922,,,Wildlife Org,,No
O777,,18,,unknown,
O672,Sarah John,unknown,Global Birding,UK,Yes
O651,John Smith,unknown,,unknown,unknown
O648,unknown,11,Global Birding,unknown,unknown
O281,,,Nature Society,India,
O964,unknown,15,,Canada,unknown
O883,Ali Khan,29,Global Birding,Pakistan,unknown
O828,Sarah John,,Global Birding,unknown,
O135,,unknown,Global Birding,Australia,
O745,unknown,,Bird Watch Pakistan,Canada,Yes
O387,Raj Patel,,Global Birding,Pakistan,
O741,Ali Khan,24,Wildlife Org,USA,Yes
O426,,17,unknown,India,No
O142,Ali Khan,,Global Birding,Canada,unknown
O307,unknown,,unknown,,
O983,,,Freelancer,India,unknown
O271,Ayesha Noor,14,Freelancer,India,
O487,Sarah John,,,,Yes
O213,Sarah John,11,,,unknown
O480,Raj Patel,,Wildlife Org,unknown,
O273,David Lee,,Bird Watch Pakistan,Australia,Yes
O410,,8,,India,
O111,,8,,Canada,
O432,Ali Khan,,Global Birding,USA,
O408,unknown,unknown,Bird Watch Pakistan,Australia,unknown
O180,Raj Patel,,unknown,India,No
O117,Ali Khan,,unknown,,No
O109,unknown,6,Freelancer,USA,unknown
O578,Ali Khan,,Wildlife Org,,
O771,Ayesha Noor,12,Nature Society,USA,Yes
O294,David Lee,,Bird Watch Pakistan,India,No
O522,Sarah John,,Wildlife Org,unknown,No
O903,unknown,21,Nature Society,India,
O360,Ali Khan,,Global Birding,USA,unknown
O827,Ayesha Noor,,,UK,Yes
O629,,unknown,Bird Watch Pakistan,Pakistan,unknown
O813,Sarah John,,unknown,,Yes
O209,Sarah John,,Bird Watch Pakistan,Canada,No
O196,,,Global Birding,UK,unknown
O105,Ali Khan,14,Nature Society,USA,
O954,Ali Khan,unknown,Freelancer,USA,
O379,Sarah John,21,Global Birding,Australia,Yes
O816,Ayesha Noor,unknown,Wildlife Org,Australia,Yes
O615,Ayesha Noor,,Wildlife Org,unknown,
O897,David Lee,,Wildlife Org,Canada,
O368,John Smith,unknown,Nature Society,,Yes
O527,David Lee,19,unknown,UK,
O997,John Smith,unknown,Nature Society,unknown,No
O957,Ayesha Noor,,Wildlife Org,USA,Yes
O906,unknown,,Wildlife Org,unknown,Yes
O779,John Smith,18,Wildlife Org,Pakistan,
O406,David Lee,unknown,,Canada,unknown
O147,Sarah John,,,USA,
O833,Ayesha Noor,,Global Birding,USA,
O751,John Smith,,,Australia,unknown
O249,unknown,,Wildlife Org,India,unknown
O798,Raj Patel,,Freelancer,,unknown
O101,Ali Khan,unknown,unknown,Pakistan,
O493,David Lee,,Bird Watch Pakistan,UK,No
O519,John Smith,,,UK,
O979,Sarah John,21,,UK,No
O158,unknown,,Nature Society,Pakistan,
O431,Ali Khan,,,India,Yes
O673,Sarah John,unknown,Global Birding,Australia,
O921,Raj Patel,,Freelancer,India,Yes
O900,Sarah John,unknown,Nature Society,India,No
O583,David Lee,,Nature Society,India,Yes
O949,David Lee,13,Nature Society,unknown,unknown
O581,Ali Khan,,Bird Watch Pakistan,Canada,No
O253,,,Nature Society,UK,
O952,Raj Patel,unknown,unknown,Canada,unknown
O967,Sarah John,unknown,,Canada,
O883,Sarah John,unknown,,Pakistan,
O666,David Lee,4,,,Yes
O898,unknown,,Global Birding,unknown,
O241,Raj Patel,,Global Birding,UK,
O509,Ayesha Noor,5,,USA,
O202,unknown,6,Bird Watch Pakistan,USA,Yes
O976,,,Nature Society,UK,unknown
O760,unknown,,Freelancer,USA,unknown
O426,,,Freelancer,India,
O150,unknown,21,Bird Watch Pakistan,Canada,Yes
O818,Sarah John,unknown,Bird Watch Pakistan,India,
O349,Raj Patel,,Wildlife Org,India,
O843,John Smith,,Freelancer,UK,
O590,David Lee,,Global Birding,Australia,Yes
O295,David Lee,,Bird Watch Pakistan,Canada,
O264,Raj Patel,,,Australia,Yes
O954,Sarah John,,Wildlife Org,,
O591,,,Global Birding,unknown,unknown
O186,unknown,unknown,,USA,unknown
O674,Ayesha Noor,,Bird Watch Pakistan,India,
O597,Ayesha Noor,,Bird Watch Pakistan,India,unknown
O825,unknown,3,Bird Watch Pakistan,Australia,Yes
O330,Ali Khan,,Freelancer,UK,unknown
O729,Ayesha Noor,,Wildlife Org,USA,
O717,,15,unknown,Canada,unknown
O369,Raj Patel,unknown,Freelancer,Pakistan,
O949,Ali Khan,,,Australia,No
O502,,4,Global Birding,USA,No
O259,,unknown,,Canada,No
O175,Raj Patel,unknown,Wildlife Org,India,No
O831,Ayesha Noor,unknown,Wildlife Org,Canada,unknown
O643,Ali Khan,,Global Birding,India,unknown
O544,Ali Khan,,Nature Society,Canada,
O548,unknown,unknown,unknown,UK,unknown
O214,Ayesha Noor,,Wildlife Org,UK,
O184,Sarah John,unknown,Bird Watch Pakistan,USA,
O127,unknown,,Bird Watch Pakistan,USA,No
O636,John Smith,,Bird Watch Pakistan,USA,Yes
O346,unknown,unknown,Nature Society,Australia,
O927,Ali Khan,unknown,Wildlife Org,Pakistan,No
O224,Ali Khan,,unknown,unknown,
O247,Ayesha Noor,unknown,Nature Society,Australia,unknown
O409,unknown,,Bird Watch Pakistan,USA,No
O256,Ayesha Noor,23,unknown,Pakistan,unknown
O102,unknown,,Freelancer,Canada,Yes
O915,unknown,,Global Birding,Pakistan,
O592,Ali Khan,27,,India,
O167,Raj Patel,unknown,Wildlife Org,unknown,
O166,Raj Patel,unknown,Freelancer,India,unknown
O257,Ali Khan,unknown,,unknown,Yes
O823,Raj Patel,unknown,Freelancer,India,Yes
O348,Sarah John,unknown,unknown,Pakistan,Yes
O265,unknown,,Wildlife Org,India,Yes
O403,Sarah John,,Global Birding,Pakistan,Yes
O208,Ali Khan,,Freelancer,Pakistan,Yes
O576,Sarah John,unknown,Freelancer,India,
O655,,unknown,,USA,No
O948,Raj Patel,unknown,Nature Society,Pakistan,
O653,David Lee,,Nature Society,Canada,Yes
O233,Ayesha Noor,,,Australia,Yes
O606,,,Freelancer,Pakistan,
O940,Ayesha Noor,,Bird Watch Pakistan,Australia,unknown
O477,David Lee,,Nature Society,UK,unknown
O257,unknown,,Global Birding,India,
O699,Raj Patel,8,Bird Watch Pakistan,UK,Yes
O408,unknown,,Nature Society,Australia,Yes
O781,,3,Wildlife Org,unknown,Yes
O809,David Lee,,Global Birding,Australia,Yes
O724,Raj Patel,,,USA,
O159,unknown,,,India,
O995,unknown,,Global Birding,India,Yes
O413,,,,UK,
O266,Raj Patel,,Freelancer,Pakistan,Yes
O910,David Lee,unknown,unknown,USA,No
O814,Raj Patel,,Global Birding,USA,Yes
O980,Sarah John,,,Canada,No
O223,unknown,,,,No
O492,Ali Khan,,Wildlife Org,USA,No
O253,unknown,,,USA,No
O536,,,Nature Society,,Yes
O572,David Lee,,Bird Watch Pakistan,UK,
O240,Ayesha Noor,25,unknown,Canada,No
O597,Ali Khan,unknown,Bird Watch Pakistan,Canada,
O668,Ali Khan,,,USA,unknown
O856,Sarah John,,Bird Watch Pakistan,India,unknown
O445,Ali Khan,,Nature Society,India,
O174,David Lee,,unknown,,unknown
O250,Ayesha Noor,,Nature Society,Australia,unknown
O479,Ali Khan,unknown,Wildlife Org,India,unknown
O355,Raj Patel,5,unknown,India,unknown
O545,Ayesha Noor,25,Freelancer,Australia,unknown
O520,Ali Khan,,Global Birding,India,
O799,unknown,,Freelancer,Canada,Yes
O647,John Smith,unknown,Wildlife Org,Canada,unknown
O210,Ayesha Noor,,Wildlife Org,USA,
O543,John Smith,,Freelancer,Canada,
O425,David Lee,,Wildlife Org,Pakistan,
O842,John Smith,,Bird Watch Pakistan,Canada,unknown
O646,Sarah John,,Nature Society,Pakistan,Yes
O762,unknown,unknown,Wildlife Org,Australia,
O407,John Smith,2,Wildlife Org,India,
O407,Ayesha Noor,,Wildlife Org,India,Yes
O394,John Smith,,Bird Watch Pakistan,,
O873,Raj Patel,15,Global Birding,,
O286,unknown,21,Global Birding,Canada,unknown
O343,,unknown,Global Birding,Canada,No
O230,Sarah John,unknown,Global Birding,UK,No
O807,Raj Patel,22,,India,unknown
O198,unknown,unknown,Bird Watch Pakistan,unknown,
O966,,unknown,unknown,Canada,Yes
O997,Ayesha Noor,16,Nature Society,India,
O994,John Smith,28,Bird Watch Pakistan,,unknown
O522,Ali Khan,,Wildlife Org,Pakistan,
O623,Ayesha Noor,,Global Birding,India,No
O629,Sarah John,,Nature Society,Australia,
O496,unknown,,Wildlife Org,USA,
O276,Raj Patel,unknown,unknown,UK,No
O815,Sarah John,unknown,Wildlife Org,Canada,Yes
O864,Sarah John,unknown,Global Birding,Australia,unknown
O396,Sarah John,unknown,Global Birding,unknown,
O726,,unknown,Wildlife Org,Canada,No
O150,Raj Patel,unknown,Global Birding,India,unknown
O527,Sarah John,,Wildlife Org,USA,
O941,Raj Patel,unknown,Nature Society,Australia,
O699,Sarah John,,Nature Society,unknown,Yes
O833,,unknown,Freelancer,unknown,unknown
O953,Sarah John,,Global Birding,USA,No
O272,John Smith,,Bird Watch Pakistan,Canada,Yes
O653,,unknown,Freelancer,Australia,unknown
O185,David Lee,unknown,,Australia,
O813,John Smith,unknown,Bird Watch Pakistan,unknown,unknown
O750,Ayesha Noor,,Nature Society,unknown,
O143,John Smith,11,Freelancer,Pakistan,unknown
O176,Ali Khan,unknown,,Australia,Yes
O627,Raj Patel,29,Global Birding,USA,
O662,David Lee,,unknown,USA,No
O614,Raj Patel,0,,Pakistan,unknown
O338,David Lee,,Freelancer,unknown,
O552,Ayesha Noor,,Freelancer,Pakistan,
O598,Ayesha Noor,,unknown,Pakistan,
O564,John Smith,,Freelancer,UK,
O286,unknown,,Bird Watch Pakistan,unknown,
O905,Ayesha Noor,unknown,Bird Watch Pakistan,unknown,unknown
O682,Sarah John,,Nature Society,Canada,No
O158,David Lee,unknown,Nature Society,UK,Yes
O700,David Lee,,Bird Watch Pakistan,India,
O805,David Lee,,unknown,USA,No
O253,Ayesha Noor,,,unknown,unknown
O950,unknown,,Freelancer,Pakistan,unknown
O696,Sarah John,,Global Birding,,Yes
O282,,,Wildlife Org,unknown,Yes
O472,unknown,,Global Birding,Australia,unknown
O807,John Smith,,Nature Society,,unknown
O772,John Smith,1,Nature Society,unknown,unknown
O692,Sarah John,1,unknown,Pakistan,
O371,David Lee,,,India,unknown
O553,David Lee,23,Wildlife Org,Australia,unknown
O932,,,Freelancer,unknown,
O371,Sarah John,,Bird Watch Pakistan,Canada,No
O224,Ali Khan,unknown,Wildlife Org,Pakistan,Yes
O944,Ali Khan,15,Bird Watch Pakistan,,unknown
O159,,,Bird Watch Pakistan,UK,Yes
O706,Raj Patel,,unknown,India,Yes
O507,Ali Khan,30,Global Birding,USA,No
O853,Sarah John,unknown,Global Birding,Pakistan,
O953,Raj Patel,,Nature Society,Pakistan,No
O823,unknown,,Wildlife Org,UK,No
O969,,23,Global Birding,Pakistan,
O136,Ali Khan,unknown,Nature Society,India,
O282,John Smith,22,,USA,
O498,David Lee,,Nature Society,India,
O198,,,,Australia,
O599,Sarah John,30,Bird Watch Pakistan,India,
O110,David Lee,,unknown,USA,
O543,Ali Khan,unknown,unknown,India,unknown
O631,,,,Australia,Yes
O162,unknown,,,unknown,No
O918,Ayesha Noor,,,UK,
O417,David Lee,unknown,,Pakistan,
O512,Sarah John,15,Global Birding,Australia,No
O720,Ayesha Noor,unknown,Global Birding,Pakistan,Yes
O691,Raj Patel,unknown,Global Birding,USA,
O884,Sarah John,0,Freelancer,unknown,unknown
O294,unknown,,Freelancer,Canada,
O928,Raj Patel,20,unknown,Pakistan,Yes
O349,Ali Khan,,Global Birding,,
O347,Sarah John,unknown,Global Birding,Canada,
O771,,,,Canada,Yes
O122,Ali Khan,,Wildlife Org,Australia,
O666,unknown,,Freelancer,USA,
O640,unknown,,Wildlife Org,Pakistan,No
O110,unknown,13,Nature Society,,
O553,Ayesha Noor,,Global Birding,Pakistan,No
O526,Raj Patel,unknown,,USA,Yes
O213,Raj Patel,,Nature Society,Pakistan,unknown
O284,,18,Nature Society,USA,unknown
O333,Ayesha Noor,unknown,,UK,
O558,John Smith,,unknown,Canada,Yes
O190,Raj Patel,unknown,unknown,USA,
O351,Ali Khan,,,Australia,
O143,Sarah John,,Nature Society,Australia,No
O661,Ayesha Noor,,unknown,Australia,No
O860,,,Global Birding,unknown,
O666,Sarah John,,Wildlife Org,India,
O900,,,Freelancer,UK,
O639,David Lee,,Nature Society,USA,
O583,Raj Patel,7,Freelancer,USA,No
O330,Sarah John,,Wildlife Org,India,
O317,unknown,,,unknown,
O191,,unknown,Bird Watch Pakistan,UK,unknown
O595,Ali Khan,,,unknown,
O583,Ayesha Noor,,Bird Watch Pakistan,India,unknown
O230,John Smith,unknown,Bird Watch Pakistan,UK,Yes
O849,Ali Khan,unknown,Bird Watch Pakistan,USA,Yes
O245,Raj Patel,,Bird Watch Pakistan,,unknown
O959,,,Global Birding,,
O168,Ali Khan,,unknown,Canada,unknown
O640,Sarah John,,Wildlife Org,India,Yes
O272,Ayesha Noor,,unknown,USA,
O782,David Lee,unknown,Freelancer,USA,No
O567,Ali Khan,unknown,,Australia,No
O926,unknown,unknown,unknown,Australia,unknown
O326,David Lee,17,,,Yes
O204,,26,Freelancer,Canada,
O592,David Lee,,Bird Watch Pakistan,USA,
O998,David Lee,,Global Birding,UK,Yes
O468,John Smith,unknown,Wildlife Org,Canada,No
O719,Ayesha Noor,,Nature Society,Canada,Yes
O139,Sarah John,unknown,unknown,Pakistan,
O273,Ayesha Noor,,,Australia,
O667,Raj Patel,,Nature Society,Pakistan,
O610,Sarah John,unknown,Wildlife Org,UK,unknown
O982,Ali Khan,,Nature Society,Australia,unknown
O574,Raj Patel,,,India,No
O552,David Lee,,Wildlife Org,USA,Yes
O153,unknown,7,unknown,unknown,No
O247,Sarah John,,Wildlife Org,Pakistan,Yes
O669,Ayesha Noor,8,Bird Watch Pakistan,USA,No
O856,,15,Nature Society,,No
O453,John Smith,unknown,,Pakistan,Yes
O489,Ayesha Noor,,unknown,UK,
O413,,unknown,Bird Watch Pakistan,unknown,Yes
O630,Sarah John,,Global Birding,Canada,unknown
O286,Raj Patel,,Bird Watch Pakistan,Pakistan,
O124,John Smith,,Freelancer,Australia,
O696,,unknown,Freelancer,,
O368,Raj Patel,,unknown,USA,Yes
O206,John Smith,unknown,Wildlife Org,Australia,
O798,,30,,Canada,
O139,Sarah John,,Wildlife Org,India,
O285,Ayesha Noor,,unknown,,No
O825,Raj Patel,unknown,Nature Society,India,Yes
O457,John Smith,unknown,Bird Watch Pakistan,Australia,
O424,,unknown,Global Birding,Australia,
O167,Ali Khan,,Global Birding,Canada,
O535,Ayesha Noor,,Bird Watch Pakistan,USA,
O531,,unknown,Freelancer,Pakistan,Yes
O668,Ali Khan,,Wildlife Org,USA,
O717,David Lee,,Nature Society,USA,unknown
O505,,,Bird Watch Pakistan,Australia,
O270,,,Bird Watch Pakistan,,
O257,,,,India,
O857,unknown,,unknown,UK,Yes
O525,unknown,,Bird Watch Pakistan,Pakistan,No
O444,David Lee,,Wildlife Org,USA,Yes
O367,,,Wildlife Org,,No
O780,David Lee,5,unknown,unknown,
O588,John Smith,,Nature Society,USA,unknown
O537,Sarah John,unknown,unknown,UK,Yes
O327,Sarah John,,Bird Watch Pakistan,,
O270,John Smith,,Wildlife Org,Pakistan,No
O227,David Lee,13,unknown,Canada,No
O902,Ayesha Noor,0,unknown,unknown,
O539,Raj Patel,,Nature Society,India,No
O899,Ayesha Noor,,Freelancer,Australia,
O454,Ayesha Noor,unknown,Nature Society,,
O331,Raj Patel,,unknown,unknown,
O186,Ali Khan,unknown,unknown,unknown,
O892,Raj Patel,,Nature Society,unknown,unknown
O490,unknown,20,,UK,No
O608,unknown,,Freelancer,USA,No
O104,David Lee,unknown,Bird Watch Pakistan,USA,unknown
O549,Sarah John,19,Nature Society,UK,
O932,Raj Patel,,Bird Watch Pakistan,unknown,unknown
O317,Raj Patel,,Nature Society,India,No
O579,unknown,,,Pakistan,Yes
O675,,,,,
O785,Raj Patel,,unknown,Australia,
O995,Ali Khan,,Nature Society,,
O574,David Lee,,Global Birding,India,No
O305,Ali Khan,,Freelancer,UK,Yes
O322,Sarah John,unknown,Global Birding,unknown,
O199,David Lee,,,,unknown
O640,John Smith,,Freelancer,UK,No
O992,Ali Khan,,Nature Society,UK,Yes
O899,Ayesha Noor,,Nature Society,Australia,
O429,Ayesha Noor,,,,
O798,John Smith,,Freelancer,unknown,
O786,unknown,,Bird Watch Pakistan,Pakistan,No
O604,David Lee,24,Freelancer,Australia,
O967,unknown,18,,Australia,
O753,John Smith,,Freelancer,USA,No
O765,Sarah John,5,Nature Society,USA,unknown
O674,Ali Khan,24,Wildlife Org,USA,No
O882,Raj Patel,,Wildlife Org,Canada,
O531,Sarah John,,unknown,,Yes
O955,Ali Khan,7,unknown,India,
O981,,,Bird Watch Pakistan,unknown,
O321,Raj Patel,30,,unknown,unknown
O428,Sarah John,,,Australia,
O888,Ayesha Noor,13,Global Birding,India,No
O442,Raj Patel,11,,USA,
O570,Sarah John,,unknown,,
O925,Raj Patel,unknown,Bird Watch Pakistan,unknown,unknown
O874,Ayesha Noor,unknown,,Pakistan,No
O154,Ali Khan,,,UK,
O293,,unknown,Bird Watch Pakistan,India,
O635,Ayesha Noor,29,Global Birding,unknown,Yes
O199,Sarah John,,Bird Watch Pakistan,unknown,
O992,John Smith,unknown,Global Birding,India,No
O411,Ali Khan,unknown,Freelancer,Australia,No
O388,Ayesha Noor,27,unknown,unknown,unknown
O171,Sarah John,,unknown,Canada,
O391,Raj Patel,,Global Birding,India,unknown
O984,John Smith,unknown,Wildlife Org,,
O357,unknown,,Wildlife Org,Pakistan,No
O372,Sarah John,8,Global Birding,Canada,Yes
O849,John Smith,,unknown,Pakistan,
O773,Raj Patel,,Bird Watch Pakistan,unknown,
O665,John Smith,unknown,,unknown,
O728,,0,Global Birding,Australia,
O433,Sarah John,,Wildlife Org,USA,
O674,John Smith,8,Global Birding,unknown,
O387,,,unknown,Pakistan,unknown
O800,unknown,unknown,Freelancer,Canada,No
O950,Raj Patel,,,Pakistan,unknown
O544,John Smith,,Nature Society,Canada,No
O402,Ali Khan,,Freelancer,Pakistan,Yes
O766,John Smith,unknown,,Australia,unknown
O755,,unknown,Bird Watch Pakistan,Canada,Yes
O517,Raj Patel,,,Australia,No
O215,Ayesha Noor,unknown,Bird Watch Pakistan,Pakistan,Yes
O332,Ali Khan,16,Bird Watch Pakistan,Canada,
O169,Ali Khan,,Wildlife Org,UK,No
O125,David Lee,unknown,Freelancer,unknown,
O246,David Lee,,Wildlife Org,,unknown
O315,David Lee,,unknown,unknown,No
O370,Ali Khan,unknown,Global Birding,Pakistan,No
O563,John Smith,,Nature Society,Canada,No
O417,Ali Khan,unknown,Global Birding,unknown,
O695,David Lee,,Wildlife Org,,
O298,John Smith,3,Wildlife Org,Australia,Yes
O605,Ali Khan,,Nature Society,unknown,Yes
O307,John Smith,,Global Birding,Australia,
O906,Ali Khan,5,Bird Watch Pakistan,Canada,unknown
O911,Sarah John,0,,USA,Yes
O643,Sarah John,,Bird Watch Pakistan,Pakistan,unknown
O763,John Smith,,,unknown,No
O372,Ayesha Noor,unknown,Global Birding,UK,
O789,Ayesha Noor,,,Australia,
O476,Raj Patel,,Freelancer,Pakistan,
O632,unknown,,Freelancer,Pakistan,
O687,John Smith,,Global Birding,UK,
O400,Ayesha Noor,,Nature Society,USA,unknown
O733,David Lee,unknown,Freelancer,UK,unknown
O670,Raj Patel,26,Wildlife Org,Pakistan,Yes
O744,John Smith,16,Global Birding,USA,Yes
O914,John Smith,13,Nature Society,India,
O576,,unknown,Wildlife Org,Australia,Yes
O455,David Lee,,unknown,Pakistan,Yes
O561,,unknown,Freelancer,UK,
O634,David Lee,unknown,,India,
O480,Sarah John,,Bird Watch Pakistan,unknown,No
O395,John Smith,,Freelancer,,
O883,unknown,unknown,Global Birding,Canada,No
O249,unknown,21,unknown,Pakistan,
O414,Ayesha Noor,0,Nature Society,,Yes
O927,John Smith,21,,,No
O935,John Smith,20,Freelancer,USA,unknown
O544,Ayesha Noor,unknown,Wildlife Org,Australia,
O201,John Smith,,Freelancer,USA,unknown
O888,Ali Khan,,Nature Society,UK,No
O516,John Smith,unknown,unknown,Canada,
O817,Raj Patel,5,unknown,Australia,Yes
O330,unknown,,Freelancer,USA,unknown
O178,Sarah John,1,Freelancer,USA,
O663,,unknown,Freelancer,USA,No
O200,,unknown,Freelancer,India,No
O371,John Smith,,Freelancer,USA,
O156,Ayesha Noor,14,Bird Watch Pakistan,USA,No
O489,Ayesha Noor,16,,USA,
O830,David Lee,unknown,Bird Watch Pakistan,unknown,unknown
O274,,unknown,,Pakistan,
O976,unknown,unknown,Nature Society,USA,Yes
O916,,22,Wildlife Org,Canada,
O502,Ali Khan,,,,
O989,,unknown,Global Birding,,
O184,John Smith,,Freelancer,,Yes
O967,Raj Patel,unknown,unknown,,Yes
O962,Sarah John,,,UK,No
O830,Raj Patel,unknown,Bird Watch Pakistan,India,
O427,Ali Khan,,Wildlife Org,UK,
O915,Ayesha Noor,,unknown,UK,No
O348,Raj Patel,,Wildlife Org,unknown,Yes
O648,unknown,,Freelancer,USA,unknown
O978,,unknown,Wildlife Org,unknown,
O942,unknown,unknown,Nature Society,unknown,Yes
O649,Raj Patel,14,,unknown,Yes
O175,David Lee,,unknown,India,Yes
O836,Ali Khan,,unknown,Canada,No
O287,Sarah John,8,Wildlife Org,,Yes
O259,Sarah John,,Bird Watch Pakistan,,
O230,John Smith,,Global Birding,unknown,Yes
O874,Sarah John,,Bird Watch Pakistan,UK,unknown
O499,Ayesha Noor,,Bird Watch Pakistan,Australia,
O917,David Lee,,unknown,USA,unknown
O631,Sarah John,,Nature Society,UK,
O444,Ayesha Noor,,Nature Society,UK,No
O698,David Lee,unknown,,unknown,unknown
O573,John Smith,unknown,Freelancer,UK,unknown
O357,unknown,,Global Birding,UK,
O798,Raj Patel,,Bird Watch Pakistan,UK,unknown
O769,Ali Khan,,,India,
O353,John Smith,,Bird Watch Pakistan,Pakistan,No
O406,unknown,5,Global Birding,Pakistan,
O470,Sarah John,18,Global Birding,India,unknown
O330,Ayesha Noor,,Global Birding,Australia,
O958,unknown,22,,UK,unknown
O560,John Smith,29,Bird Watch Pakistan,UK,
O890,Ali Khan,1,Nature Society,,
O434,Sarah John,,Bird Watch Pakistan,UK,Yes
O125,Ayesha Noor,unknown,unknown,USA,Yes
O201,unknown,,Freelancer,Canada,unknown
O597,Sarah John,,Global Birding,UK,
O318,David Lee,7,unknown,Australia,No
O969,David Lee,,Global Birding,UK,unknown
O750,Ayesha Noor,,,India,unknown
O345,Sarah John,,Freelancer,,
O924,David Lee,2,unknown,India,Yes
O674,unknown,,Wildlife Org,,No
O897,Raj Patel,,Bird Watch Pakistan,,unknown
O840,John Smith,,Bird Watch Pakistan,Canada,Yes
O675,Raj Patel,,Bird Watch Pakistan,Pakistan,
O795,John Smith,9,unknown,UK,unknown
O621,Ali Khan,unknown,Nature Society,UK,
O635,,,Global Birding,Pakistan,No
O243,Ali Khan,unknown,Global Birding,Canada,Yes
O698,Raj Patel,unknown,Wildlife Org,Canada,No
O294,unknown,,Global Birding,UK,unknown
O524,Ayesha Noor,,Nature Society,,Yes
O245,unknown,,unknown,Australia,unknown
O278,Ayesha Noor,,unknown,Australia,unknown
O574,John Smith,unknown,,Australia,
O303,unknown,,Freelancer,India,No
O185,Raj Patel,unknown,unknown,Australia,unknown
O119,Ali Khan,13,Bird Watch Pakistan,India,
O700,unknown,unknown,unknown,Canada,
O601,David Lee,unknown,Global Birding,Canada,Yes
O675,Raj Patel,,Nature Society,India,Yes
O938,,,Freelancer,Pakistan,No
O232,Ali Khan,unknown,Wildlife Org,Canada,
O936,Sarah John,,Freelancer,Pakistan,
O855,John Smith,unknown,,Australia,Yes
O592,Ayesha Noor,,Wildlife Org,Australia,unknown
O467,unknown,,Nature Society,UK,unknown
O973,Ali Khan,11,unknown,,unknown
O681,unknown,unknown,Bird Watch Pakistan,USA,Yes
O860,Raj Patel,,Freelancer,Pakistan,Yes
O416,Sarah John,,Freelancer,Canada,unknown
O108,David Lee,,Nature Society,Australia,
O727,John Smith,2,Bird Watch Pakistan,Pakistan,
O198,Ali Khan,26,Bird Watch Pakistan,Australia,No
O251,Ayesha Noor,19,Global Birding,unknown,unknown
O931,Sarah John,11,Wildlife Org,India,unknown
O541,John Smith,,,USA,unknown
O286,Ayesha Noor,26,Bird Watch Pakistan,,Yes
O107,unknown,,,,Yes
O799,Sarah John,unknown,,Australia,unknown
O488,Sarah John,,Bird Watch Pakistan,Canada,
O470,Sarah John,,unknown,Pakistan,
O853,David Lee,unknown,Global Birding,unknown,
O506,Sarah John,unknown,Wildlife Org,Canada,unknown
O802,Sarah John,,unknown,Canada,Yes
O299,John Smith,,Nature Society,unknown,
O297,Sarah John,,Freelancer,unknown,
O380,,10,Global Birding,USA,No
O839,Ali Khan,unknown,unknown,Canada,
O691,Ali Khan,unknown,,USA,
O794,unknown,11,,,
O900,Sarah John,unknown,Bird Watch Pakistan,India,Yes
O930,Ayesha Noor,19,Bird Watch Pakistan,,
O493,Sarah John,unknown,,USA,
O832,Ayesha Noor,,Global Birding,India,No
O390,Ayesha Noor,,,UK,unknown
O511,David Lee,unknown,Wildlife Org,unknown,unknown
O363,Sarah John,,Wildlife Org,Pakistan,
O302,unknown,,Wildlife Org,Pakistan,
O501,Ayesha Noor,,Bird Watch Pakistan,UK,unknown
O783,Ali Khan,,Wildlife Org,unknown,
O869,John Smith,unknown,Bird Watch Pakistan,India,
O702,Raj Patel,,,UK,Yes
O287,David Lee,,Nature Society,Canada,
O546,,,Nature Society,India,
O993,Ayesha Noor,,Nature Society,Australia,
O141,Raj Patel,23,unknown,,No
O965,David Lee,11,Nature Society,UK,
O701,Ali Khan,,Bird Watch Pakistan,unknown,unknown
O323,,,Wildlife Org,Australia,
O789,David Lee,unknown,Bird Watch Pakistan,UK,No
O214,Ayesha Noor,20,unknown,Canada,
O763,unknown,,Bird Watch Pakistan,unknown,No
O394,John Smith,unknown,unknown,India,
O118,,,Freelancer,UK,No
O583,John Smith,8,unknown,UK,No
O378,unknown,,,USA,unknown
O300,Raj Patel,27,Global Birding,India,unknown
O316,Ayesha Noor,24,Wildlife Org,Pakistan,unknown
O796,David Lee,22,Nature Society,Pakistan,unknown
O507,John Smith,26,Freelancer,Canada,unknown
O878,David Lee,0,Freelancer,India,No
O668,Sarah John,,Global Birding,USA,unknown
O747,,unknown,Wildlife Org,Pakistan,unknown
O415,Ayesha Noor,15,Bird Watch Pakistan,UK,No
O433,John Smith,unknown,,UK,Yes
O906,,,Nature Society,Canada,unknown
O845,Raj Patel,unknown,Freelancer,Canada,
O590,Sarah John,unknown,unknown,Canada,No
O111,John Smith,,Bird Watch Pakistan,,
O326,David Lee,,Wildlife Org,unknown,
O726,,,unknown,UK,Yes
O405,John Smith,0,Wildlife Org,Australia,No
O998,Ayesha Noor,,Freelancer,UK,No
O938,Sarah John,,Wildlife Org,Australia,Yes
O486,John Smith,,unknown,unknown,
O144,Ayesha Noor,,,USA,
O854,Ayesha Noor,unknown,Freelancer,,
O998,Ali Khan,,Wildlife Org,Australia,No
O279,Ayesha Noor,,Freelancer,Pakistan,No
O959,,8,,,
O530,Sarah John,,,Australia,Yes
O725,Raj Patel,unknown,Freelancer,Australia,
O382,Ayesha Noor,,Freelancer,Australia,Yes
O994,,,unknown,USA,No
O406,David Lee,12,Nature Society,UK,Yes
O944,Ayesha Noor,27,Nature Society,Canada,
O244,Raj Patel,15,Wildlife Org,India,Yes
O723,,13,Global Birding,unknown,
O126,Raj Patel,2,Global Birding,Pakistan,unknown
O686,unknown,,Freelancer,Pakistan,Yes
O990,David Lee,14,Bird Watch Pakistan,USA,Yes
O470,unknown,,Wildlife Org,,
O161,Raj Patel,,Freelancer,India,No
O898,David Lee,,Bird Watch Pakistan,India,No
O806,John Smith,,Global Birding,unknown,
O957,Raj Patel,29,Bird Watch Pakistan,India,
O862,Sarah John,,,USA,unknown
O870,unknown,unknown,Freelancer,USA,unknown
O351,John Smith,2,Global Birding,Australia,unknown
O596,Ayesha Noor,27,,,
O143,David Lee,13,Nature Society,India,
O140,Sarah John,,,Canada,
O814,Ali Khan,unknown,Bird Watch Pakistan,UK,
O980,,,Global Birding,Australia,
O148,unknown,,,India,
O211,John Smith,unknown,Freelancer,Canada,unknown
O876,John Smith,unknown,Wildlife Org,India,
O125,unknown,,Bird Watch Pakistan,Canada,Yes
O708,Ayesha Noor,,Bird Watch Pakistan,Pakistan,unknown
O532,unknown,,Wildlife Org,India,No
O465,David Lee,,Wildlife Org,Canada,unknown
O616,Sarah John,17,unknown,unknown,
O556,Raj Patel,24,Nature Society,unknown,Yes
O820,unknown,,Bird Watch Pakistan,Canada,
O338,,,Bird Watch Pakistan,,unknown
O552,David Lee,unknown,Bird Watch Pakistan,Pakistan,
O768,Ali Khan,unknown,,UK,No
O885,unknown,,Bird Watch Pakistan,USA,unknown
O548,John Smith,unknown,Wildlife Org,USA,
O473,Sarah John,,Freelancer,UK,
O605,Ali Khan,unknown,Wildlife Org,USA,unknown
O807,David Lee,,Nature Society,unknown,Yes
O840,unknown,,,UK,No
O376,Sarah John,2,Nature Society,USA,unknown
O785,Sarah John,,,,
O973,David Lee,17,Global Birding,Australia,
O879,unknown,,Nature Society,UK,Yes
O896,Raj Patel,unknown,unknown,India,
O559,,0,,,No
O127,David Lee,,Nature Society,Australia,No
O982,Raj Patel,,unknown,USA,unknown
O336,John Smith,,unknown,unknown,Yes
O338,Raj Patel,6,unknown,UK,No
O407,,,Nature Society,unknown,unknown
O964,David Lee,,Freelancer,UK,No
O777,Sarah John,,Global Birding,Canada,unknown
O883,John Smith,29,Global Birding,UK,
O154,John Smith,,Bird Watch Pakistan,unknown,
O738,Ayesha Noor,16,,,No
O256,Ali Khan,,Bird Watch Pakistan,Australia,No
O582,David Lee,,Global Birding,,
